Transaction Date,Post Date,Description,Category,Type,Amount,Memo
04/08/2026,04/09/2026,AMAZON MKTPL*BC50G3AR0,Shopping,Sale,-22.63,
04/07/2026,04/08/2026,KICKSTARTER.COM,Shopping,Sale,-103.00,
04/07/2026,04/08/2026,CLOUDFLARE,Shopping,Sale,-16.56,
04/07/2026,04/08/2026,CLOUDFLARE,Shopping,Sale,-16.56,
04/05/2026,04/06/2026,SPO*MIRAMARBEACHRESTAURAN,Food & Drink,Sale,-111.26,
04/04/2026,04/05/2026,BLIZZARD *US1039613436,Entertainment,Sale,-14.99,
04/03/2026,04/05/2026,AMAZON MKTPL*B77ZG7JT2,Shopping,Sale,-32.80,
04/03/2026,04/03/2026,Amazon.com*BG1L795G0,Shopping,Sale,-39.00,
04/01/2026,04/02/2026,Amazon web services,Bills & Utilities,Sale,-1.66,
04/01/2026,04/02/2026,CAFE AT MOUNTAIN VIEW: G,Food & Drink,Sale,-16.37,
04/01/2026,04/01/2026,Payment Thank You-Mobile,,Payment,1441.93,
03/31/2026,04/01/2026,AMAZON MKTPL*BG1CQ2X11,Shopping,Sale,-148.98,
03/29/2026,03/30/2026,TST*LITTLE ORIGINAL JOE,Food & Drink,Sale,-56.95,
03/29/2026,03/30/2026,AMAZON MKTPL*BC23141C2,Shopping,Sale,-27.33,
03/29/2026,03/30/2026,AMAZON MKTPL*B50PL62Z0,Shopping,Sale,-33.60,
03/29/2026,03/30/2026,Amazon.com*BC1X331Q2,Shopping,Sale,-27.11,
03/28/2026,03/30/2026,LUCKY #745 REDWOOD,Groceries,Sale,-47.45,
03/28/2026,03/29/2026,Kindle Unltd*YR7UJ07I3,Shopping,Sale,-11.99,
03/26/2026,03/27/2026,TRANS AUTO REPAIR,Automotive,Sale,-60.00,
03/26/2026,03/27/2026,AMAZON MKTPL*B56JN8811,Shopping,Sale,-8.74,
03/26/2026,03/27/2026,AMAZON MKTPL*BG19K9RI2,Shopping,Sale,-40.44,
03/22/2026,03/24/2026,TARGET        00011221,Shopping,Sale,-53.10,
03/22/2026,03/24/2026,TST*GOTTS ROADSIDE - PA,Food & Drink,Sale,-64.07,
03/24/2026,03/24/2026,AMAZON MKTPL*BD3IQ9R10,Shopping,Sale,-118.46,
03/24/2026,03/24/2026,Amazon.com*B51OL9EK1,Shopping,Sale,-28.40,
03/22/2026,03/23/2026,SQ *BURI BURI BURLINGAME,Food & Drink,Sale,-43.47,
03/21/2026,03/23/2026,BOW WOW MEOW - MENLO PARK,Shopping,Sale,-6.55,
03/21/2026,03/23/2026,BOW WOW MEOW - MENLO PARK,Shopping,Sale,-66.86,
03/22/2026,03/23/2026,INTERGEM SHOWS JEWELRY,Entertainment,Sale,-18.00,
03/22/2026,03/23/2026,SAN MATEO - PARKING,Bills & Utilities,Sale,-18.00,
03/21/2026,03/23/2026,LUCKY #745 REDWOOD,Groceries,Sale,-15.31,
03/20/2026,03/22/2026,LUCKY #745 REDWOOD,Groceries,Sale,-20.98,
03/22/2026,03/22/2026,Amazon.com*BG3HD3ZS2,Shopping,Sale,-13.80,
03/21/2026,03/22/2026,SQ *7LEAVES SANTA CLARA L,Food & Drink,Sale,-21.78,
03/16/2026,03/17/2026,NATIONWIDE PET,Bills & Utilities,Sale,-26.52,
03/16/2026,03/17/2026,NATIONWIDE PET,Bills & Utilities,Sale,-10.21,
03/16/2026,03/17/2026,NATIONWIDE PET,Bills & Utilities,Sale,-30.42,
03/16/2026,03/17/2026,NATIONWIDE PET,Bills & Utilities,Sale,-9.44,
03/14/2026,03/16/2026,TARGET        00019273,Shopping,Sale,-24.30,
03/14/2026,03/16/2026,LUCKY #745 REDWOOD,Groceries,Sale,-21.06,
03/14/2026,03/15/2026,SQ *PLATO'S CLOSET SAN JO,Shopping,Sale,-37.19,
03/13/2026,03/15/2026,SQ *CORNER YOGURT,Food & Drink,Sale,-42.65,
03/14/2026,03/15/2026,OLD NAVY US 6210,Shopping,Sale,-86.88,
03/11/2026,03/12/2026,BASKIN #360101,Food & Drink,Sale,-44.99,
03/11/2026,03/11/2026,Amazon.com*BP5OP5M71,Shopping,Sale,-240.61,
03/10/2026,03/10/2026,Payment Thank You-Mobile,,Payment,5674.38,
03/09/2026,03/10/2026,AT&amp;T   *PAYMENT,Bills & Utilities,Sale,-65.27,
03/07/2026,03/09/2026,PET FOOD EXPRESS 1017,Shopping,Sale,-32.95,
03/05/2026,03/06/2026,GOOGLE *Crunchyroll An,Bills & Utilities,Sale,-145.99,
03/04/2026,03/05/2026,SQ *KHAO KANG THAI KITCHE,Food & Drink,Sale,-122.33,
03/04/2026,03/05/2026,BLIZZARD *US1035931648,Entertainment,Sale,-14.99,
03/04/2026,03/05/2026,FREETAXUSACOM,Professional Services,Sale,-15.99,
03/02/2026,03/03/2026,Amazon web services,Bills & Utilities,Sale,-1.66,
03/02/2026,03/03/2026,BOW WOW MEOW - SAN CARLOS,Shopping,Sale,-25.00,
02/27/2026,03/01/2026,AMAZON MKTPLACE PMTS,Shopping,Return,10.68,
02/28/2026,03/01/2026,Kindle Unltd*B99ZR5EW0,Shopping,Sale,-11.99,
02/27/2026,03/01/2026,LUCKY #745 REDWOOD,Groceries,Sale,-13.68,
02/27/2026,03/01/2026,AMAZON MKTPLACE PMTS,Shopping,Return,19.56,
02/27/2026,03/01/2026,SP WELLNESSMART MD,Health & Wellness,Sale,-129.00,
02/28/2026,03/01/2026,OSAKA MARKETPLACE,Groceries,Sale,-25.47,
02/24/2026,02/27/2026,DERIFURANSUKEISEIUENOTEN,Food & Drink,Sale,-16.78,
02/26/2026,02/27/2026,O'REILLY 3474,Automotive,Sale,-50.49,
02/24/2026,02/26/2026,NARITA AIRPORT,Shopping,Sale,-61.82,
02/23/2026,02/26/2026,MIPIG CAFE ASAKUSA,Food & Drink,Sale,-42.66,
02/23/2026,02/25/2026,LAWSON,Groceries,Sale,-4.65,
02/22/2026,02/25/2026,FAMILYMART,Groceries,Sale,-3.44,
02/22/2026,02/25/2026,FAMILYMART,Groceries,Sale,-2.46,
02/23/2026,02/25/2026,ICHIRANASAKUSAROTSUKUTEN,Food & Drink,Sale,-20.71,
02/22/2026,02/25/2026,FAMILYMART,Groceries,Sale,-6.44,
02/23/2026,02/25/2026,TAKAHISA,Shopping,Sale,-39.11,
02/24/2026,02/25/2026,AMAZON MKTPL*B91161ZM1,Shopping,Sale,-56.86,
02/23/2026,02/24/2026,WL *STEAM PURCHASE,Entertainment,Sale,-8.74,
02/21/2026,02/23/2026,DECKS TOKYO BEACH,Shopping,Sale,-43.31,
02/20/2026,02/23/2026,FAMILYMART,Groceries,Sale,-4.94,
02/20/2026,02/23/2026,SQ*MITUBACI TOKYO,Shopping,Sale,-1939.24,
02/21/2026,02/23/2026,UNITED      0164372571742,Travel,Sale,-100.00,
02/19/2026,02/22/2026,KAWAGUCHIKO HARBKAN,Shopping,Sale,-112.79,
02/20/2026,02/22/2026,DONQUIJOTE OKACHIMACHI,Shopping,Sale,-72.26,
02/20/2026,02/22/2026,SUNSHINE CITY,Shopping,Sale,-30.95,
02/18/2026,02/22/2026,MIRAITO,Travel,Sale,-26.88,
02/21/2026,02/22/2026,Amazon.com*843800HD3,Shopping,Sale,-41.55,
02/21/2026,02/22/2026,Amazon.com*HQ3Y67JY3,Shopping,Sale,-18.83,
02/20/2026,02/22/2026,AU STYLE UENO-A,Shopping,Sale,-35.33,
02/19/2026,02/22/2026,APAHOTEL UENO EKIMAE,Travel,Sale,-681.16,
02/19/2026,02/22/2026,HIRAIBAITEN,Shopping,Sale,-20.56,
02/19/2026,02/22/2026,KAWAGUCHIKO HARBKAN,Shopping,Sale,-69.73,
02/19/2026,02/22/2026,KAWAGUCHIKO HARBKAN,Shopping,Sale,-3.59,
02/18/2026,02/20/2026,LAWSON,Groceries,Sale,-4.84,
02/18/2026,02/20/2026,LAWSON,Groceries,Sale,-0.83,
02/18/2026,02/20/2026,ASTY,Shopping,Sale,-3.43,
02/18/2026,02/19/2026,AMAZON PRIME*095J544J3,Bills & Utilities,Sale,-152.03,
02/16/2026,02/18/2026,SOLANIWA ONSEN OSAKA BAY,Travel,Sale,-54.53,
02/15/2026,02/18/2026,TOYOKO INN,Travel,Sale,-9.82,
02/15/2026,02/18/2026,TOYOKO INN,Travel,Sale,-390.50,
02/16/2026,02/17/2026,NATIONWIDE PET,Bills & Utilities,Sale,-10.21,
02/15/2026,02/17/2026,SUGIYOHOEN,Food & Drink,Sale,-77.51,
02/16/2026,02/17/2026,NATIONWIDE PET,Bills & Utilities,Sale,-26.52,
02/15/2026,02/17/2026,NEKOMASSIGURA,Shopping,Sale,-40.65,
02/14/2026,02/17/2026,FAMILYMART,Groceries,Sale,-8.52,
02/16/2026,02/17/2026,NATIONWIDE PET,Bills & Utilities,Sale,-30.42,
02/14/2026,02/17/2026,TOYOKO INN,Travel,Sale,-2.62,
02/15/2026,02/17/2026,DONQUIJOTE DOTONBORIMIDOS,Shopping,Sale,-21.63,
02/16/2026,02/17/2026,NATIONWIDE PET,Bills & Utilities,Sale,-9.44,
02/15/2026,02/17/2026,SQ*SUGIYOUHOUEN NISHIKIIC,Groceries,Sale,-6.23,
02/14/2026,02/16/2026,LAWSON,Groceries,Sale,-2.30,
02/13/2026,02/16/2026,JR EAST,Travel,Sale,-32.84,
02/13/2026,02/16/2026,JR EAST,Travel,Sale,-32.84,
02/13/2026,02/16/2026,JR EAST,Travel,Sale,-32.84,
02/13/2026,02/16/2026,JR EAST,Travel,Sale,-32.84,
02/13/2026,02/16/2026,KEISEI YUZEN,Shopping,Sale,-21.81,
02/13/2026,02/16/2026,APAHOTEL UENO EKIMAE,Travel,Sale,-149.96,
02/14/2026,02/15/2026,PAYPAL *AIRALO,Bills & Utilities,Sale,-32.00,
02/13/2026,02/15/2026,TST* TASTES ON THE FLY-NA,Food & Drink,Sale,-18.28,
02/11/2026,02/13/2026,SHELL OIL 57444214506,Gas,Sale,-41.74,
02/11/2026,02/13/2026,LUCKY #745 REDWOOD,Groceries,Sale,-43.95,
02/11/2026,02/12/2026,BOW WOW MEOW - SAN CARLOS,Shopping,Sale,-25.00,
02/11/2026,02/12/2026,AMAZON MKTPL*171LT8NN3,Shopping,Sale,-10.93,
02/11/2026,02/12/2026,Amazon.com*FO6AT8PB3,Shopping,Sale,-32.61,
02/10/2026,02/11/2026,FASTRAK CSC,Travel,Sale,-8.50,
02/10/2026,02/11/2026,AT&amp;T   *PAYMENT,Bills & Utilities,Sale,-65.27,
02/09/2026,02/10/2026,CAREGIVER BACKGROUND CHEC,Bills & Utilities,Sale,-35.00,
02/08/2026,02/09/2026,POPEYES 14608,Food & Drink,Sale,-18.95,
02/09/2026,02/09/2026,AMAZON MKTPL*JH0IF0F93,Shopping,Sale,-60.05,
02/08/2026,02/08/2026,AMAZON MKTPL*HU1DC8XQ3,Shopping,Sale,-34.43,
02/06/2026,02/08/2026,AMAZON MKTPL*X77QX5OE3,Shopping,Sale,-27.21,
02/07/2026,02/08/2026,OPENAI *CHATGPT SUBSCR,Shopping,Sale,-20.00,
02/02/2026,02/03/2026,Amazon.com*WC7CT6Z73,Shopping,Sale,-19.55,
02/01/2026,02/02/2026,Payment Thank You - Web,,Payment,1947.71,
02/01/2026,02/02/2026,Amazon web services,Bills & Utilities,Sale,-1.66,
01/31/2026,02/01/2026,Amazon.com*PQ4LV2SW3,Shopping,Sale,-12.02,
01/31/2026,02/01/2026,PAYPAL *NIKKOINDUST NIKKO,Shopping,Sale,-20.00,
01/28/2026,01/29/2026,Kindle Unltd*XA32K79O3,Shopping,Sale,-11.99,
01/26/2026,01/27/2026,WWW COSTCO COM,Shopping,Sale,-120.26,
01/24/2026,01/25/2026,POPEYES 10707,Food & Drink,Sale,-59.31,
01/23/2026,01/25/2026,SQ *ZAREEN'S REDWOOD CITY,Food & Drink,Sale,-35.12,
01/23/2026,01/23/2026,NAME-CHEAP.COM* UAHMBR,Professional Services,Sale,-23.98,
01/21/2026,01/22/2026,AMAZON MKTPL*L274O1I23,Shopping,Sale,-10.38,
01/21/2026,01/22/2026,Amazon.com*RO3WF48K3,Shopping,Sale,-8.82,
01/21/2026,01/22/2026,HELLA MEDITERRANEAN,Food & Drink,Sale,-18.89,
01/21/2026,01/21/2026,BLIZZARD *US1029874435,Entertainment,Sale,-89.99,
01/19/2026,01/20/2026,MID-PENINSULA ANIMAL HOS,Personal,Sale,-134.85,
01/17/2026,01/18/2026,Amazon.com*A695H5XS3,Shopping,Sale,-79.83,
01/16/2026,01/18/2026,Amazon.com*KQ9PY3SO3,Shopping,Sale,-284.36,
01/17/2026,01/18/2026,PAYPAL *TBMBM,Shopping,Sale,-70.99,
01/16/2026,01/18/2026,LUCKY #745 REDWOOD,Groceries,Sale,-59.72,
01/16/2026,01/18/2026,NATIONWIDE PET,Bills & Utilities,Sale,-26.52,
01/16/2026,01/18/2026,NATIONWIDE PET,Bills & Utilities,Sale,-9.44,
01/16/2026,01/18/2026,NATIONWIDE PET,Bills & Utilities,Sale,-10.21,
01/16/2026,01/18/2026,NATIONWIDE PET,Bills & Utilities,Sale,-30.42,
01/16/2026,01/16/2026,AMAZON MKTPL*ZZ9Y55J23,Shopping,Sale,-127.81,
01/16/2026,01/16/2026,AMAZON MKTPL*UA48Q7QI3,Shopping,Sale,-35.60,
01/16/2026,01/16/2026,Amazon.com*7I9D33LG3,Shopping,Sale,-102.80,
01/16/2026,01/16/2026,AMAZON MKTPL*BQ80A1PH1,Shopping,Sale,-247.82,
01/13/2026,01/14/2026,AMAZON MKTPL*AI3TT6X43,Shopping,Sale,-31.65,
01/12/2026,01/13/2026,AT&amp;T   *PAYMENT,Bills & Utilities,Sale,-65.27,
01/10/2026,01/12/2026,CROSSROAD SPECIALTY FOODS,Groceries,Sale,-18.90,
01/10/2026,01/12/2026,GARDEN CAFE,Food & Drink,Sale,-158.36,
01/09/2026,01/09/2026,Payment Thank You - Web,,Payment,418.99,
01/07/2026,01/08/2026,AMAZON MKTPLACE PMTS,Shopping,Return,24.48,
01/07/2026,01/08/2026,AMAZON MKTPLACE PMTS,Shopping,Return,37.16,
01/07/2026,01/08/2026,AMAZON MKTPLACE PMTS,Shopping,Return,30.81,
01/07/2026,01/08/2026,OPENAI *CHATGPT SUBSCR,Shopping,Sale,-20.00,
01/03/2026,01/05/2026,JACK IN THE BOX 0438,Food & Drink,Sale,-22.40,
01/01/2026,01/04/2026,ON IT,Food & Drink,Sale,-54.44,
01/02/2026,01/04/2026,TST*THE PARAMOUNT THEATR,Food & Drink,Sale,-41.00,
01/02/2026,01/04/2026,BLIZZARD *US1027847756,Entertainment,Sale,-14.99,
01/01/2026,01/02/2026,OLD NAVY US 9513,Shopping,Sale,-18.75,
01/01/2026,01/02/2026,Amazon web services,Bills & Utilities,Sale,-1.66,
01/01/2026,01/02/2026,TST* BIGFOOT JAVA - HOYT,Food & Drink,Sale,-13.46,
01/01/2026,01/02/2026,QFC #5831,Groceries,Sale,-48.22,
12/30/2025,01/01/2026,TOKYO-YA RAMEN,Food & Drink,Sale,-69.99,
12/30/2025,12/31/2025,MICHAELS STORES 8900,Shopping,Sale,-29.17,
12/30/2025,12/31/2025,MID-PENINSULA ANIMAL HOS,Personal,Sale,-149.90,
12/29/2025,12/30/2025,Payment Thank You-Mobile,,Payment,7090.43,
12/28/2025,12/29/2025,Kindle Unltd*I16UC0KX3,Shopping,Sale,-11.99,
12/27/2025,12/29/2025,FRED-MEYER #0111,Groceries,Sale,-57.87,
12/26/2025,12/28/2025,ALS MUSIC VIDEO GAMES,Shopping,Sale,-104.77,
12/25/2025,12/28/2025,ALASKA AIR  0272127188124,Travel,Return,74.10,
12/26/2025,12/28/2025,H MART - FEDERAL WAY,Groceries,Sale,-98.72,
12/27/2025,12/28/2025,TST* BIANG BIANG NOODLES,Food & Drink,Sale,-150.98,
12/25/2025,12/28/2025,ALASKA AIR  0272127188123,Travel,Return,74.10,
12/25/2025,12/28/2025,ALASKA AIR  0272127188122,Travel,Return,74.10,
12/27/2025,12/28/2025,SQ *COFFEEHOLIC HOUSE,Food & Drink,Sale,-19.66,
12/26/2025,12/28/2025,AMAZON MKTPL*P03W73D53,Shopping,Sale,-9.10,
12/26/2025,12/28/2025,TST*HOOD FAMOUS CAFE &amp; B,Food & Drink,Sale,-15.89,
12/24/2025,12/26/2025,ALASKA AIR  0272127191870,Travel,Sale,-74.10,
12/24/2025,12/26/2025,ALASKA AIR  0272127191869,Travel,Sale,-74.10,
12/24/2025,12/26/2025,ALASKA AIR  0272127191868,Travel,Sale,-74.10,
12/24/2025,12/26/2025,ALASKA AIR  0272127188124,Travel,Sale,-74.10,
12/24/2025,12/26/2025,ALASKA AIR  0272127188123,Travel,Sale,-74.10,
12/24/2025,12/26/2025,ALASKA AIR  0272127188122,Travel,Sale,-74.10,
12/24/2025,12/26/2025,ALASKA AIR  0272127190818,Travel,Sale,-74.10,
12/24/2025,12/26/2025,ALASKA AIR  0272127190817,Travel,Sale,-74.10,
12/24/2025,12/26/2025,ALASKA AIR  0272127190816,Travel,Sale,-74.10,
12/23/2025,12/23/2025,AMAZON MKTPL*T53B41IU3,Shopping,Sale,-30.81,
12/20/2025,12/21/2025,AMAZON MKTPL*DR7ZF7E83,Shopping,Sale,-61.64,
12/18/2025,12/21/2025,LUCKY #745 REDWOOD,Groceries,Sale,-51.04,
12/19/2025,12/21/2025,AMAZON MKTPL*M94FF58C3,Shopping,Sale,-102.77,
12/20/2025,12/21/2025,AMAZON MKTPL*Q51907JC3,Shopping,Sale,-64.99,
12/18/2025,12/19/2025,AMAZON MKTPL*K21GX8WN3,Shopping,Sale,-41.53,
12/18/2025,12/19/2025,Amazon.com*6K2DO34S3,Shopping,Sale,-41.55,
12/19/2025,12/19/2025,AMAZON MKTPL*7W4SG97E3,Shopping,Sale,-19.68,
12/18/2025,12/19/2025,Amazon.com*EW4IL54B3,Shopping,Sale,-104.97,
12/16/2025,12/17/2025,NATIONWIDE PET,Bills & Utilities,Sale,-26.52,
12/16/2025,12/17/2025,NATIONWIDE PET,Bills & Utilities,Sale,-30.42,
12/16/2025,12/17/2025,NATIONWIDE PET,Bills & Utilities,Sale,-9.44,
12/16/2025,12/17/2025,NATIONWIDE PET,Bills & Utilities,Sale,-10.21,
12/14/2025,12/15/2025,AMAZON MKTPL*ZX0HT5503,Shopping,Sale,-43.70,
12/13/2025,12/15/2025,PY *KUNG FU TEA - REDWOOD,Food & Drink,Sale,-13.70,
12/13/2025,12/15/2025,MEGAMART - EAST PALO ALTO,Groceries,Sale,-90.12,
12/10/2025,12/11/2025,AT&amp;T   *PAYMENT,Bills & Utilities,Sale,-60.27,
12/09/2025,12/10/2025,FASTRAK CSC,Travel,Sale,-8.00,
12/08/2025,12/09/2025,BOW WOW MEOW - SAN CARLOS,Shopping,Sale,-25.00,
12/08/2025,12/09/2025,AMAZON MKTPL*M02LY5VR3,Shopping,Sale,-76.34,
12/08/2025,12/09/2025,PAYPAL *BUFFALOCOMP,Shopping,Sale,-64.90,
12/07/2025,12/09/2025,LUCKY #745 REDWOOD,Groceries,Sale,-12.08,
11/22/2025,12/08/2025,On Inc,Shopping,Return,176.78,
12/07/2025,12/08/2025,OPENAI *CHATGPT SUBSCR,Shopping,Sale,-20.00,
12/06/2025,12/07/2025,AMAZON MKTPL*BI90X3Q51,Shopping,Sale,-97.23,
12/06/2025,12/07/2025,Amazon.com*BI7VC5BR1,Shopping,Sale,-185.92,
12/06/2025,12/07/2025,Amazon.com*BI5TC2QJ1,Shopping,Sale,-24.60,
12/02/2025,12/04/2025,UNITED      0164350590674,Travel,Sale,-36.99,
12/02/2025,12/04/2025,UNITED      0164350590673,Travel,Sale,-28.99,
12/02/2025,12/04/2025,UNITED      0164350590672,Travel,Sale,-28.99,
12/02/2025,12/04/2025,UNITED      0164350590671,Travel,Sale,-36.99,
12/02/2025,12/04/2025,UNITED      0162353554214,Travel,Sale,-958.83,
12/02/2025,12/04/2025,UNITED      0162353554213,Travel,Sale,-958.83,
12/02/2025,12/03/2025,BLIZZARD *US1024589110,Entertainment,Sale,-14.99,
12/02/2025,12/03/2025,Amazon web services,Bills & Utilities,Sale,-1.66,
12/02/2025,12/03/2025,Amazon.com*BB2IY4BH0,Shopping,Sale,-171.71,
12/01/2025,12/03/2025,THE UPS STORE 4133,Personal,Sale,-26.36,
12/01/2025,12/01/2025,AUTOMATIC PAYMENT - THANK,,Payment,1436.42,
11/29/2025,11/30/2025,SAN MATEO - PARKING,Bills & Utilities,Sale,-18.00,
11/28/2025,11/30/2025,SNACK* SWEET MOMENT,Food & Drink,Sale,-35.05,
11/28/2025,11/30/2025,Kindle Unltd*BB01L8L82,Shopping,Sale,-11.99,
11/23/2025,11/24/2025,SQ *CURL DYNASTY,Personal,Sale,-1093.00,
11/22/2025,11/23/2025,On Inc,Shopping,Sale,-324.10,
11/20/2025,11/21/2025,Amazon.com*B00DC8H32,Shopping,Sale,-13.49,
11/19/2025,11/20/2025,AMAZON MKTPLACE PMTS,Shopping,Return,16.37,
11/20/2025,11/20/2025,AMAZON MKTPLACE PMTS,Shopping,Return,20.77,
11/19/2025,11/20/2025,Amazon.com,Shopping,Return,61.51,
11/19/2025,11/20/2025,Amazon.com,Shopping,Return,65.57,
11/19/2025,11/19/2025,Amazon.com,Shopping,Return,13.36,
11/18/2025,11/19/2025,FASTRAK CSC,Travel,Sale,-8.00,
11/17/2025,11/18/2025,Amazon.com*B89VB27C2,Shopping,Sale,-61.51,
11/17/2025,11/18/2025,Amazon.com*B07JU6CL1,Shopping,Sale,-65.57,
11/17/2025,11/18/2025,Amazon.com*B82589KY2,Shopping,Sale,-14.59,
11/17/2025,11/18/2025,Amazon.com*B85PC5K62,Shopping,Sale,-32.78,
11/15/2025,11/17/2025,OLD NAVY US 5955,Shopping,Sale,-42.19,
11/16/2025,11/17/2025,NATIONWIDE PET,Bills & Utilities,Sale,-26.52,
11/16/2025,11/17/2025,NATIONWIDE PET,Bills & Utilities,Sale,-9.44,
11/16/2025,11/17/2025,NATIONWIDE PET,Bills & Utilities,Sale,-30.42,
11/16/2025,11/17/2025,NATIONWIDE PET,Bills & Utilities,Sale,-10.21,
11/15/2025,11/16/2025,NORDSTROM RACK #401,Shopping,Sale,-49.27,
11/16/2025,11/16/2025,KIA AMERICA INC,Travel,Sale,-149.00,
11/15/2025,11/16/2025,AMAZON MKTPL*B82MW61S2,Shopping,Sale,-37.23,
11/15/2025,11/16/2025,TST*KAZ TERIYAKI GRILL -,Food & Drink,Sale,-18.64,
11/12/2025,11/13/2025,Amazon.com*BT7BV37B2,Shopping,Sale,-21.27,
11/12/2025,11/12/2025,Amazon.com*B85NE3JN1,Shopping,Sale,-71.67,
11/11/2025,11/12/2025,AMAZON MKTPL*B86I09FP1,Shopping,Sale,-41.50,
11/09/2025,11/11/2025,RESIDENCE INN BREA,Travel,Sale,-26.00,
11/08/2025,11/10/2025,TARGET        00024828,Shopping,Sale,-39.99,
11/08/2025,11/10/2025,POKEWORKS BREA,Food & Drink,Sale,-29.74,
11/08/2025,11/10/2025,TST*PHO AMIE,Food & Drink,Sale,-56.58,
11/09/2025,11/10/2025,RALPHS #0757,Groceries,Sale,-11.37,
11/08/2025,11/09/2025,AT&amp;T   *PAYMENT,Bills & Utilities,Sale,-60.27,
11/08/2025,11/09/2025,SQ *TKS BREA,Food & Drink,Sale,-20.19,
11/07/2025,11/09/2025,SHELL OIL 10007956005,Gas,Sale,-11.33,
11/08/2025,11/09/2025,SQ *CHILLA,Food & Drink,Sale,-16.15,
11/08/2025,11/09/2025,STEAMGAMES.COM 4259522985,Entertainment,Sale,-29.99,
11/07/2025,11/09/2025,OPENAI *CHATGPT SUBSCR,Shopping,Sale,-20.00,
11/07/2025,11/09/2025,STEVENS CREEK KIA,Automotive,Sale,-322.67,
11/07/2025,11/09/2025,LAZ PARKING M17512,Travel,Sale,-12.00,
11/03/2025,11/04/2025,AMAZON MKTPL*NK5979UP0,Shopping,Sale,-45.08,
11/02/2025,11/03/2025,Blizzard Entertainment,Entertainment,Sale,-14.99,
10/31/2025,11/02/2025,PAYPAL *EXPEDIA.COM,Travel,Sale,-483.12,
10/31/2025,11/02/2025,THE HOME DEPOT #0628,Home,Sale,-1.51,
10/31/2025,11/02/2025,BOW WOW MEOW - SAN CARLOS,Shopping,Sale,-25.00,
11/02/2025,11/02/2025,Amazon web services,Bills & Utilities,Sale,-1.66,
11/01/2025,11/02/2025,AMAZON MKTPLACE PMTS,Shopping,Return,16.08,
11/01/2025,11/02/2025,AMAZON MKTPLACE PMTS,Shopping,Return,17.49,
10/29/2025,10/31/2025,SPIRIT HALLOWEEN 60535,Shopping,Sale,-28.53,
10/28/2025,10/29/2025,Kindle Unltd*N44R529F0,Shopping,Sale,-11.99,
10/26/2025,10/28/2025,LUCKY #745 REDWOOD,Groceries,Sale,-28.67,
10/27/2025,10/27/2025,AMAZON MKTPL*N427438E0,Shopping,Sale,-17.49,
10/18/2025,10/27/2025,SQ *YAYOI,Food & Drink,Sale,-102.25,
10/26/2025,10/27/2025,AMAZON MKTPL*N41IQ1VH0,Shopping,Sale,-30.60,
10/25/2025,10/26/2025,IN-N-OUT DALY CITY,Food & Drink,Sale,-13.62,
10/23/2025,10/23/2025,STATEMENT CREDIT,Fees & Adjustments,Adjustment,124.86,
10/21/2025,10/22/2025,Amazon.com*NM2YD5IW2,Shopping,Sale,-41.55,
10/19/2025,10/20/2025,AUTO PRIDE CAR WASH - 90,Automotive,Sale,-33.99,
10/19/2025,10/20/2025,OMELETTE HOUSE,Food & Drink,Sale,-56.15,
10/18/2025,10/20/2025,7LEAVES_168,Food & Drink,Sale,-7.48,
10/17/2025,10/20/2025,SUPER HOT HOTPOT &amp; KOREAN,Food & Drink,Sale,-318.93,
10/19/2025,10/20/2025,AMAZON MKTPL*NM17L3892,Shopping,Sale,-17.48,
10/18/2025,10/20/2025,THE HOME DEPOT #6603,Home,Sale,-29.30,
10/18/2025,10/19/2025,99 RANCH #1768,Groceries,Sale,-31.89,
10/16/2025,10/17/2025,NATIONWIDE PET,Bills & Utilities,Sale,-9.44,
10/16/2025,10/17/2025,NATIONWIDE PET,Bills & Utilities,Sale,-30.42,
10/15/2025,10/17/2025,LUCKY #745 REDWOOD,Groceries,Sale,-42.49,
10/16/2025,10/17/2025,NATIONWIDE PET,Bills & Utilities,Sale,-10.21,
10/16/2025,10/17/2025,NATIONWIDE PET,Bills & Utilities,Sale,-26.52,
10/15/2025,10/16/2025,COSTCO WHSE #1042,Shopping,Sale,-19.71,
10/14/2025,10/15/2025,AMAZON MKTPL*NF67E4U12,Shopping,Sale,-22.25,
10/14/2025,10/14/2025,AMAZON MKTPL*NF6599K02,Shopping,Sale,-26.24,
10/11/2025,10/13/2025,CROSSROAD SPECIALTY FOODS,Groceries,Sale,-11.62,
10/10/2025,10/12/2025,AMAZON MKTPL*NF1UU63N2,Shopping,Sale,-34.24,
10/10/2025,10/12/2025,Amazon.com*NF4J57UP0,Shopping,Sale,-24.81,
10/11/2025,10/12/2025,SQ *AJ'S COFFEE,Food & Drink,Sale,-24.75,
10/08/2025,10/09/2025,AT&amp;T   *PAYMENT,Bills & Utilities,Sale,-60.27,
10/07/2025,10/08/2025,OPENAI *CHATGPT SUBSCR,Shopping,Sale,-20.00,
10/04/2025,10/07/2025,TCB*MTA METER MTA MCK,Bills & Utilities,Sale,-3.90,
10/05/2025,10/06/2025,TST* TEASPOON - REDWOOD C,Food & Drink,Sale,-23.65,
10/05/2025,10/06/2025,TST* TEASPOON - REDWOOD C,Food & Drink,Sale,-7.00,
10/03/2025,10/05/2025,Payment Thank You - Web,,Payment,1132.89,
10/01/2025,10/03/2025,DOGPATCH BOULDERS,Health & Wellness,Sale,-10.00,
10/02/2025,10/03/2025,Amazon.com*NJ23M9BV2,Shopping,Sale,-6.98,
10/02/2025,10/03/2025,BLIZZARD *US1019559324,Entertainment,Sale,-14.99,
10/02/2025,10/03/2025,Amazon web services,Bills & Utilities,Sale,-1.66,
10/01/2025,10/01/2025,AUTOMATIC PAYMENT - THANK,,Payment,139.28,
09/30/2025,10/01/2025,AMAZON MKTPL*NJ73G3H31,Shopping,Sale,-25.58,
09/28/2025,09/30/2025,MICRO CENTER# 195,Shopping,Sale,-10.90,
09/29/2025,09/30/2025,AMAZON MKTPL*NV4EF5F20,Shopping,Sale,-29.52,
09/27/2025,09/29/2025,THE HOME DEPOT #0628,Home,Sale,-21.84,
09/28/2025,09/29/2025,Kindle Unltd*7K9418MK3,Shopping,Sale,-11.99,
09/26/2025,09/28/2025,LUCKY #745 REDWOOD,Groceries,Sale,-13.98,
09/26/2025,09/28/2025,BLIZZARD *US1019075978,Entertainment,Sale,-9.10,
09/26/2025,09/28/2025,POPEYES 10707,Food & Drink,Sale,-40.41,
09/22/2025,09/23/2025,AMAZON MKTPL*1P7XV9TB3,Shopping,Sale,-19.68,
09/22/2025,09/23/2025,AMAZON MKTPL*EH1WM27W3,Shopping,Sale,-37.49,
09/20/2025,09/22/2025,MEGA MART SUNNYVALE,Groceries,Sale,-20.67,
09/20/2025,09/22/2025,MEGA MART SUNNYVALE,Groceries,Sale,-42.74,
09/20/2025,09/22/2025,7LEAVES_168,Food & Drink,Sale,-14.70,
09/20/2025,09/22/2025,LUCKY #745 REDWOOD,Groceries,Sale,-10.98,
09/18/2025,09/21/2025,LUCKY #745 REDWOOD,Groceries,Sale,-17.20,
09/19/2025,09/21/2025,Amazon.com*K85MW9983,Shopping,Sale,-39.36,
09/19/2025,09/21/2025,AMAZON MKTPL*N70MM1IB3,Shopping,Sale,-29.08,
09/18/2025,09/19/2025,AMAZON MKTPLACE PMTS,Shopping,Return,15.09,
09/17/2025,09/18/2025,NATIONWIDE PET,Bills & Utilities,Sale,-9.38,
09/18/2025,09/18/2025,AMAZON MKTPL*P26512ZG3,Shopping,Sale,-26.85,
09/17/2025,09/18/2025,NATIONWIDE PET,Bills & Utilities,Sale,-13.37,
09/17/2025,09/18/2025,NATIONWIDE PET,Bills & Utilities,Sale,-32.46,
09/17/2025,09/18/2025,NATIONWIDE PET,Bills & Utilities,Sale,-37.90,
09/18/2025,09/18/2025,Amazon.com*QI01P1HO3,Shopping,Sale,-27.33,
09/18/2025,09/18/2025,AMAZON MKTPL*718RU63K3,Shopping,Sale,-16.72,
09/14/2025,09/15/2025,NIJIYA MARKET #64,Groceries,Sale,-29.84,
09/10/2025,09/10/2025,AMAZON MKTPL*ZB06H59R3,Shopping,Sale,-31.26,
09/09/2025,09/10/2025,AMAZON MKTPL*Y42MP8P43,Shopping,Sale,-34.09,
09/08/2025,09/09/2025,AT&amp;T   *PAYMENT,Bills & Utilities,Sale,-60.27,
09/07/2025,09/08/2025,OPENAI *CHATGPT SUBSCR,Shopping,Sale,-20.00,
09/07/2025,09/08/2025,SEAPOT KOREAN BBQ &amp; HO,Food & Drink,Sale,-355.96,
09/06/2025,09/07/2025,AMAZON MKTPL*XX4V29ET3,Shopping,Sale,-8.36,
09/06/2025,09/07/2025,AMAZON MKTPL*W89ZC0E83,Shopping,Sale,-28.42,
09/06/2025,09/07/2025,AMAZON MKTPL*RN7WH94Q3,Shopping,Sale,-5.46,
09/04/2025,09/05/2025,AMAZON MKTPLACE PMTS,Shopping,Return,38.27,
09/03/2025,09/04/2025,1PASSWORD,Shopping,Sale,-59.85,
09/03/2025,09/03/2025,Payment Thank You - Web,,Payment,1163.99,
09/02/2025,09/03/2025,BLIZZARD *US1017135856,Entertainment,Sale,-14.99,
09/01/2025,09/03/2025,DOGPATCH BOULDERS,Health & Wellness,Sale,-10.00,
09/02/2025,09/03/2025,TST* DOUGH ZONE - CUPERTI,Food & Drink,Sale,-77.96,
09/01/2025,09/03/2025,DAISO - CUPERTINO,Shopping,Sale,-29.84,
09/01/2025,09/02/2025,Amazon web services,Bills & Utilities,Sale,-1.66,
08/28/2025,08/29/2025,Q POT,Food & Drink,Sale,-202.49,
08/28/2025,08/29/2025,Kindle Unltd*GR8RY41S3,Shopping,Sale,-11.99,
08/25/2025,08/26/2025,AMAZON MKTPL*0465U6UW3,Shopping,Sale,-62.41,
08/25/2025,08/26/2025,PAYPAL *CUSTOMINKRE,Shopping,Sale,-36.86,
08/25/2025,08/26/2025,SQ *RAMEN NAGI PALO ALTO,Food & Drink,Sale,-55.99,
08/25/2025,08/26/2025,SQ *MARUWU SEICHA - PA,Food & Drink,Sale,-34.04,
08/25/2025,08/26/2025,Amazon.com*B416C9MM3,Shopping,Sale,-12.76,
08/23/2025,08/25/2025,HAMILTON DEVICES,Shopping,Sale,-24.53,
08/23/2025,08/25/2025,LUCKY #745 REDWOOD,Groceries,Sale,-52.09,
08/22/2025,08/24/2025,Amazon.com*N580T1MH0,Shopping,Sale,-17.45,
08/22/2025,08/22/2025,Amazon.com*OQ6T24YW3,Shopping,Sale,-41.55,
08/19/2025,08/21/2025,THE HOME DEPOT #0628,Home,Return,6.25,
08/19/2025,08/20/2025,AMAZON MKTPL*693UJ8CX3,Shopping,Sale,-10.38,
08/18/2025,08/20/2025,THE HOME DEPOT #0628,Home,Sale,-19.67,
08/18/2025,08/20/2025,THE HOME DEPOT #0628,Home,Sale,-50.00,
08/17/2025,08/18/2025,NATIONWIDE PET,Bills & Utilities,Sale,-13.34,
08/17/2025,08/18/2025,PETCO 0370,Shopping,Sale,-12.06,
08/17/2025,08/18/2025,PETCO 0370,Shopping,Sale,-14.58,
08/17/2025,08/18/2025,NATIONWIDE PET,Bills & Utilities,Sale,-37.88,
08/17/2025,08/18/2025,NATIONWIDE PET,Bills & Utilities,Sale,-32.47,
08/17/2025,08/18/2025,SQ *PINK PINK TEA SHOPPE,Food & Drink,Sale,-24.39,
08/17/2025,08/18/2025,MARSHALLS #0755,Shopping,Sale,-81.28,
08/18/2025,08/18/2025,Uniqlo USA LLC UNIQLO_US-,Shopping,Sale,-65.40,
08/17/2025,08/18/2025,NATIONWIDE PET,Bills & Utilities,Sale,-9.41,
08/11/2025,08/13/2025,SAMIKCHA MOMO,Food & Drink,Sale,-18.63,
08/12/2025,08/13/2025,Amazon.com*VO5702VE3,Shopping,Sale,-7.92,
08/10/2025,08/12/2025,HOLLY MARKET,Groceries,Sale,-31.19,
08/10/2025,08/11/2025,7-ELEVEN 25411,Gas,Sale,-8.08,
08/10/2025,08/11/2025,THE ULTIMATE AQUARIUM INC,Shopping,Sale,-27.35,
08/10/2025,08/11/2025,TST* CORNER TABLE,Food & Drink,Sale,-63.63,
08/08/2025,08/10/2025,AT&amp;T   *PAYMENT,Bills & Utilities,Sale,-60.27,
08/06/2025,08/08/2025,LUCKY #745 REDWOOD,Groceries,Sale,-8.49,
08/07/2025,08/08/2025,OPENAI *CHATGPT SUBSCR,Shopping,Sale,-20.00,
08/07/2025,08/07/2025,Payment Thank You - Web,,Payment,2184.61,
08/01/2025,08/03/2025,Amazon web services,Bills & Utilities,Sale,-1.66,
08/01/2025,08/03/2025,PET FOOD EXPRESS 1017,Shopping,Sale,-1.62,
08/01/2025,08/03/2025,PET FOOD EXPRESS 1017,Shopping,Sale,-27.46,
08/01/2025,08/03/2025,LUCKY #745 REDWOOD,Groceries,Sale,-15.77,
08/01/2025,08/03/2025,DOGPATCH BOULDERS,Health & Wellness,Sale,-10.00,
08/02/2025,08/03/2025,BLIZZARD *US1014066377,Entertainment,Sale,-14.99,
08/01/2025,08/01/2025,AUTOMATIC PAYMENT - THANK,,Payment,453.70,
07/28/2025,07/29/2025,Kindle Unltd*QJ9BT26T3,Shopping,Sale,-11.99,
07/28/2025,07/29/2025,MICHAELS STORES 8696,Shopping,Sale,-10.71,
07/25/2025,07/27/2025,IKEA EAST PALO ALTO REST,Food & Drink,Sale,-1.65,
07/25/2025,07/27/2025,IKEA EAST PALO ALTO,Home,Sale,-109.88,
07/27/2025,07/27/2025,SNACK* SHUYI GRASS JEL,Food & Drink,Sale,-12.75,
07/25/2025,07/27/2025,LUCKY #745 REDWOOD,Groceries,Sale,-11.98,
07/26/2025,07/27/2025,PETSMART # 1416,Shopping,Sale,-17.52,
07/23/2025,07/24/2025,AMAZON MKTPL*F080H2UD3,Shopping,Sale,-73.56,
07/22/2025,07/23/2025,TST* TEASPOON - REDWOOD C,Food & Drink,Sale,-20.00,
07/21/2025,07/22/2025,TRANS AUTO REPAIR,Automotive,Sale,-444.32,
07/20/2025,07/21/2025,AMAZON MKTPL*KF0X17Q43,Shopping,Sale,-63.90,
07/20/2025,07/21/2025,Amazon.com*978F84Y33,Shopping,Sale,-8.55,
07/20/2025,07/21/2025,Amazon.com*SL7CE05G3,Shopping,Sale,-13.49,
07/17/2025,07/20/2025,THE HOME DEPOT #0628,Home,Sale,-11.09,
07/18/2025,07/20/2025,TST*POKE HOUSE - MOUNTAI,Food & Drink,Sale,-23.66,
07/19/2025,07/20/2025,MARSHALLS #0755,Shopping,Sale,-37.86,
07/17/2025,07/18/2025,NATIONWIDE PET,Bills & Utilities,Sale,-9.41,
07/16/2025,07/18/2025,7-ELEVEN 33660,Gas,Sale,-7.09,
07/17/2025,07/18/2025,NATIONWIDE PET,Bills & Utilities,Sale,-37.88,
07/17/2025,07/18/2025,NATIONWIDE PET,Bills & Utilities,Sale,-13.34,
07/16/2025,07/18/2025,THE HOME DEPOT #0628,Home,Sale,-67.59,
07/17/2025,07/18/2025,NATIONWIDE PET,Bills & Utilities,Sale,-32.47,
07/16/2025,07/17/2025,O'REILLY 3474,Automotive,Sale,-10.98,
07/16/2025,07/17/2025,AMAZON MKTPL*MM1RX9CF3,Shopping,Sale,-63.97,
07/16/2025,07/17/2025,AMAZON MKTPL*E70160VP3,Shopping,Sale,-14.54,
07/16/2025,07/17/2025,AMAZON MKTPL*4B2JG3CK3,Shopping,Sale,-29.46,
07/15/2025,07/16/2025,AMAZON MKTPL*1D65689P3,Shopping,Sale,-30.29,
07/15/2025,07/16/2025,AMAZON MKTPL*P78Y28EK3,Shopping,Sale,-33.62,
07/14/2025,07/15/2025,CITY OF SM PW PARKING ME,Travel,Sale,-2.25,
07/14/2025,07/15/2025,SNACK* SWEET MOMENT,Food & Drink,Sale,-7.07,
07/12/2025,07/14/2025,KAIBA JAPANESE RESTAURANT,Food & Drink,Sale,-96.18,
07/12/2025,07/13/2025,CHEVRON 0092316,Gas,Sale,-1.84,
07/11/2025,07/13/2025,TST*PHO AMIE,Food & Drink,Sale,-69.16,
07/11/2025,07/13/2025,Nyx*8336322778 ELECTRIFY,Automotive,Sale,-24.25,
07/11/2025,07/13/2025,WAL-MART #2242,Groceries,Sale,-36.84,
07/11/2025,07/11/2025,HIMS &amp; HERS HEALTH,Health & Wellness,Sale,-147.00,
07/10/2025,07/11/2025,CHEVRON 0092316,Gas,Sale,-14.55,
07/10/2025,07/11/2025,Nyx*8336322778 ELECTRIFY,Automotive,Sale,-27.27,
07/09/2025,07/10/2025,AMAZON MKTPL*NL55U3VN0,Shopping,Sale,-10.93,
07/09/2025,07/10/2025,AMAZON MKTPL*NL6431ED1,Shopping,Sale,-19.21,
07/08/2025,07/09/2025,AT&amp;T   *PAYMENT,Bills & Utilities,Sale,-60.27,
07/07/2025,07/08/2025,AMAZON MKTPL*NL7VN7VK2,Shopping,Sale,-36.22,
07/07/2025,07/08/2025,OPENAI *CHATGPT SUBSCR,Shopping,Sale,-20.00,
07/06/2025,07/08/2025,LUCKY #745 REDWOOD,Groceries,Sale,-41.20,
07/05/2025,07/07/2025,MASON STREET DELI,Groceries,Sale,-9.34,
07/04/2025,07/07/2025,RAMEN YAMADAYA SF,Food & Drink,Sale,-147.51,
07/04/2025,07/06/2025,PANG KEE BARGAIN MARKET,Groceries,Sale,-52.94,
07/04/2025,07/06/2025,IMPERIAL PARKING US,Travel,Sale,-16.00,
07/04/2025,07/06/2025,KWONG SANG LUNG CO,Shopping,Sale,-49.53,
07/04/2025,07/04/2025,Payment Thank You-Mobile,,Payment,1607.79,
07/03/2025,07/04/2025,PAYPAL *EXPEDIA.COM,Travel,Sale,-453.70,
07/01/2025,07/03/2025,DOGPATCH BOULDERS,Health & Wellness,Sale,-10.00,
07/02/2025,07/03/2025,BLIZZARD *US1011245074,Entertainment,Sale,-14.99,
07/01/2025,07/03/2025,Amazon web services,Bills & Utilities,Sale,-1.66,
07/02/2025,07/03/2025,CRAIGSLIST.ORG,Shopping,Sale,-5.00,
06/30/2025,07/01/2025,AMAZON MKTPL*NQ6591RG0,Shopping,Sale,-30.61,
06/28/2025,06/29/2025,TCKTWEB*VOILA,Entertainment,Sale,-53.48,
06/28/2025,06/29/2025,Kindle Unltd*NQ3NG38M1,Shopping,Sale,-11.99,
06/28/2025,06/29/2025,AMAZON MKTPLACE PMTS,Shopping,Return,13.11,
06/26/2025,06/26/2025,STATEMENT CREDIT,Fees & Adjustments,Adjustment,268.19,
06/25/2025,06/26/2025,Amazon.com*NQ9IQ94Z0,Shopping,Sale,-46.98,
06/25/2025,06/25/2025,US.STORE.BAMBULAB.COM,Shopping,Sale,-841.50,
06/23/2025,06/24/2025,Amazon.com*NQ01970A2,Shopping,Sale,-26.57,
06/22/2025,06/23/2025,SQ *URBAN MOMO,Food & Drink,Sale,-23.90,
06/22/2025,06/23/2025,Amazon.com*NO6DI2X30,Shopping,Sale,-76.52,
06/22/2025,06/23/2025,AMAZON MKTPL*NQ3Q60LY2,Shopping,Sale,-16.40,
06/22/2025,06/23/2025,SQ *URBAN RITUAL,Food & Drink,Sale,-16.50,
06/22/2025,06/23/2025,PHONOMENAL,Food & Drink,Sale,-25.87,
06/21/2025,06/22/2025,Amazon.com*NO7QI9R92,Shopping,Sale,-41.55,
06/19/2025,06/20/2025,AMAZON MKTPL*NO8CQ9QJ2,Shopping,Sale,-85.89,
06/19/2025,06/20/2025,Amazon.com*NO7YV6QE2,Shopping,Sale,-19.22,
06/19/2025,06/20/2025,Amazon.com*NA61F2WQ0,Shopping,Sale,-7.15,
06/17/2025,06/18/2025,NATIONWIDE PET,Bills & Utilities,Sale,-9.41,
06/17/2025,06/18/2025,NATIONWIDE PET,Bills & Utilities,Sale,-37.88,
06/17/2025,06/18/2025,AMAZON MKTPL*NA4248S91,Shopping,Sale,-22.82,
06/17/2025,06/18/2025,NATIONWIDE PET,Bills & Utilities,Sale,-13.34,
06/17/2025,06/18/2025,NATIONWIDE PET,Bills & Utilities,Sale,-32.47,
06/16/2025,06/17/2025,Amazon.com*NA3O67B51,Shopping,Sale,-36.30,
06/14/2025,06/16/2025,LUCKY #745 REDWOOD,Groceries,Sale,-67.23,
06/12/2025,06/13/2025,AMAZON MKTPL*NH54E7KP1,Shopping,Sale,-30.93,
06/09/2025,06/10/2025,CURIOSITYSTREAM,Bills & Utilities,Sale,-39.99,
06/09/2025,06/10/2025,AT&amp;T   *PAYMENT,Bills & Utilities,Sale,-60.27,
06/07/2025,06/09/2025,COMPUTER HISTORY MUSEU,Shopping,Sale,-47.14,
06/08/2025,06/09/2025,FASTRAK CSC,Travel,Sale,-0.50,
06/07/2025,06/08/2025,OPENAI *CHATGPT SUBSCR,Shopping,Sale,-20.00,
06/05/2025,06/06/2025,AMAZON MKTPL*N69SZ5BO0,Shopping,Sale,-115.03,
06/04/2025,06/04/2025,Payment Thank You - Web,,Payment,1073.39,
06/01/2025,06/03/2025,DOGPATCH BOULDERS,Health & Wellness,Sale,-10.00,
06/02/2025,06/03/2025,Amazon web services,Bills & Utilities,Sale,-1.66,
06/02/2025,06/03/2025,BLIZZARD *US1008703209,Entertainment,Sale,-14.99,
05/31/2025,06/02/2025,SARKU JAPAN 340,Food & Drink,Sale,-12.38,
05/29/2025,06/01/2025,PENINSULA HUMANE SOCIETY,Personal,Return,25.00,
05/30/2025,06/01/2025,Amazon.com*NN7L75SW1,Shopping,Sale,-29.49,
05/30/2025,06/01/2025,CRAIGSLIST.ORG,Shopping,Sale,-5.00,
05/31/2025,06/01/2025,OLD NAVY US 5955,Shopping,Sale,-176.83,
05/30/2025,05/30/2025,Amazon.com*NN7IR8590,Shopping,Sale,-185.93,
05/28/2025,05/29/2025,NAME-CHEAP.COM* 6ECV2I,Professional Services,Sale,-9.98,
05/28/2025,05/29/2025,WWW COSTCO COM,Shopping,Sale,-94.00,
05/28/2025,05/29/2025,Kindle Unltd*NN8Q47JE0,Shopping,Sale,-11.99,
05/27/2025,05/28/2025,FD *CA DMV VFC,Bills & Utilities,Sale,-45.00,
05/27/2025,05/28/2025,FD *CA DMV VFC *SVC,Bills & Utilities,Sale,-0.90,
05/26/2025,05/27/2025,AMAZON MKTPL*NZ2QO8U50,Shopping,Sale,-45.93,
05/25/2025,05/26/2025,PetSmart,Shopping,Return,47.51,
05/25/2025,05/26/2025,AMAZON MKTPL*NZ38U5D80,Shopping,Sale,-20.88,
05/25/2025,05/26/2025,TST* TEASPOON - REDWOOD C,Food & Drink,Sale,-25.57,
05/23/2025,05/25/2025,AMAZON MKTPL*NN1KR91E2,Shopping,Sale,-7.65,
05/23/2025,05/25/2025,AMAZON MKTPL*NN5OB7GS2,Shopping,Sale,-38.35,
05/24/2025,05/25/2025,PETCO 0370,Shopping,Sale,-29.96,
05/16/2025,05/19/2025,BANH CUON TAY HO,Food & Drink,Sale,-135.29,
05/17/2025,05/19/2025,LUCKY #745 REDWOOD,Groceries,Sale,-9.98,
05/17/2025,05/18/2025,NATIONWIDE PET,Bills & Utilities,Sale,-13.34,
05/17/2025,05/18/2025,NATIONWIDE PET,Bills & Utilities,Sale,-37.88,
05/17/2025,05/18/2025,SQ *PHILZ COFFEE,Food & Drink,Sale,-13.22,
05/17/2025,05/18/2025,NATIONWIDE PET,Bills & Utilities,Sale,-32.47,
05/17/2025,05/18/2025,NATIONWIDE PET,Bills & Utilities,Sale,-9.41,
05/16/2025,05/18/2025,AMAZON MKTPL*NW7GQ0AJ1,Shopping,Sale,-28.75,
05/15/2025,05/16/2025,AMAZON MKTPL*NW4G38L11,Shopping,Sale,-15.30,
05/10/2025,05/13/2025,TCB*MTA METER MTA MCK,Bills & Utilities,Sale,-1.50,
05/11/2025,05/12/2025,AMAZON MKTPL*NW8HA7G82,Shopping,Sale,-16.40,
05/11/2025,05/12/2025,AMAZON MKTPLACE PMTS,Shopping,Return,24.04,
05/09/2025,05/11/2025,SQ *CORNER YOGURT,Food & Drink,Sale,-15.41,
05/10/2025,05/11/2025,CKE*B.PATISSERIE SAN FRAN,Food & Drink,Sale,-47.83,
05/09/2025,05/11/2025,SQ *CORNER YOGURT,Food & Drink,Sale,-14.48,
05/08/2025,05/09/2025,AT&amp;T   *PAYMENT,Bills & Utilities,Sale,-60.27,
05/07/2025,05/08/2025,OPENAI *CHATGPT SUBSCR,Shopping,Sale,-20.00,
05/07/2025,05/07/2025,AMAZON MKTPLACE PMTS,Shopping,Return,463.36,
05/05/2025,05/06/2025,TST* TEASPOON - REDWOOD C,Food & Drink,Sale,-15.40,
05/05/2025,05/06/2025,AMAZON MKTPL*NB3554X21,Shopping,Sale,-22.66,
05/05/2025,05/06/2025,Amazon.com*NB6B72VC0,Shopping,Sale,-56.84,
05/04/2025,05/06/2025,PENINSULA HUMANE SOCIETY,Personal,Sale,-25.00,
05/04/2025,05/05/2025,MARSHALLS #0271,Shopping,Sale,-58.17,
05/03/2025,05/05/2025,LUCKY #745 REDWOOD,Groceries,Sale,-5.99,
05/04/2025,05/05/2025,BEVERAGES &amp; MORE #34,Food & Drink,Sale,-12.19,
05/04/2025,05/05/2025,AUTO PRIDE CAR WASH - 90,Automotive,Sale,-56.99,
05/03/2025,05/05/2025,CREPEVINE,Food & Drink,Sale,-64.90,
05/03/2025,05/04/2025,AMAZON MKTPL*NI5F87LX2,Shopping,Sale,-41.75,
05/02/2025,05/04/2025,Amazon web services,Personal,Sale,-1.66,
05/03/2025,05/04/2025,AMAZON MKTPL*NB3N59NJ1,Shopping,Sale,-8.74,
05/02/2025,05/04/2025,BLIZZARD *US1004136356,Entertainment,Sale,-14.99,
05/01/2025,05/04/2025,DOGPATCH BOULDERS,Health & Wellness,Sale,-10.00,
05/02/2025,05/02/2025,Payment Thank You - Web,,Payment,1458.35,
04/29/2025,04/30/2025,THE UPS STORE 4133,Personal,Sale,-15.91,
04/29/2025,04/30/2025,Amazon.com,Shopping,Return,33.05,
04/29/2025,04/30/2025,TST* TEASPOON - REDWOOD C,Food & Drink,Sale,-21.25,
04/29/2025,04/30/2025,AMAZON MKTPLACE PMTS,Shopping,Return,12.50,
04/28/2025,04/29/2025,REDWOOD CITY PARKING,Travel,Sale,-0.50,
04/28/2025,04/29/2025,FASTRAK CSC,Travel,Sale,-1.00,
04/28/2025,04/29/2025,Kindle Unltd*HG3OC3H13,Shopping,Sale,-11.99,
04/26/2025,04/28/2025,LM BAKERY  DELI,Food & Drink,Sale,-23.50,
04/25/2025,04/27/2025,DOLLAR TREE,Shopping,Sale,-1.37,
04/26/2025,04/27/2025,Amazon.com*TE2DV9GJ3,Shopping,Sale,-26.24,
04/24/2025,04/25/2025,AMAZON MKTPL*LV2O17MB3,Shopping,Sale,-21.40,
04/24/2025,04/25/2025,Amazon.com*4N0Y365Y3,Shopping,Sale,-27.74,
04/22/2025,04/23/2025,Amazon.com*4N8BI06T3,Shopping,Sale,-17.62,
04/22/2025,04/23/2025,Amazon.com*ZU6541DK3,Shopping,Sale,-41.55,
04/22/2025,04/23/2025,Amazon.com*ZD84A7473,Shopping,Sale,-40.46,
04/20/2025,04/21/2025,SQ *CORNER YOGURT,Food & Drink,Sale,-28.55,
04/19/2025,04/21/2025,THE HOME DEPOT #0628,Home,Sale,-51.63,
04/19/2025,04/21/2025,LUCKY #749 SAN CARL,Groceries,Sale,-34.97,
04/19/2025,04/21/2025,ACE PARKING 4826,Travel,Sale,-2.50,
04/17/2025,04/18/2025,NATIONWIDE PET,Bills & Utilities,Sale,-13.34,
04/17/2025,04/18/2025,RING BASIC PLAN,Shopping,Sale,-99.98,
04/17/2025,04/18/2025,NATIONWIDE PET,Bills & Utilities,Sale,-32.47,
04/17/2025,04/18/2025,NATIONWIDE PET,Bills & Utilities,Sale,-37.88,
04/17/2025,04/18/2025,NATIONWIDE PET,Bills & Utilities,Sale,-9.41,
04/16/2025,04/17/2025,AMAZON MKTPL*HX8NX7SL3,Shopping,Sale,-75.62,
04/15/2025,04/16/2025,AMAZON MKTPL*0G7K55CL3,Shopping,Sale,-52.15,
04/13/2025,04/14/2025,TST* SHIKI - SAN CARLOS,Food & Drink,Sale,-153.88,
04/12/2025,04/14/2025,LUCKY #745 REDWOOD,Groceries,Sale,-47.27,
04/13/2025,04/14/2025,AMAZON MKTPL*LF3874N13,Shopping,Sale,-15.30,
04/11/2025,04/13/2025,TRANS AUTO REPAIR,Automotive,Sale,-120.00,
04/12/2025,04/13/2025,AMAZON MKTPL*TL6JH9KL3,Shopping,Sale,-37.77,
04/12/2025,04/13/2025,AMAZON MKTPL*0Y49O5I83,Shopping,Sale,-16.40,
04/12/2025,04/13/2025,HIMS &amp; HERS HEALTH,Health & Wellness,Sale,-147.00,
04/08/2025,04/10/2025,TST*SUSHI PLUS,Food & Drink,Sale,-70.08,
04/10/2025,04/10/2025,PAYPAL *POPEYES 10707,Food & Drink,Sale,-17.57,
04/08/2025,04/09/2025,AT&amp;T   *PAYMENT,Bills & Utilities,Sale,-55.25,
04/07/2025,04/08/2025,OPENAI *CHATGPT SUBSCR,Shopping,Sale,-20.00,
04/07/2025,04/08/2025,MID-PENINSULA ANIMAL HOS,Personal,Sale,-98.00,
04/05/2025,04/06/2025,MARSHALLS #0345,Shopping,Sale,-16.35,
04/03/2025,04/04/2025,Payment Thank You - Web,,Payment,1682.18,
04/02/2025,04/03/2025,Amazon web services,Personal,Sale,-1.66,
04/02/2025,04/03/2025,BLIZZARD *US1000961193,Entertainment,Sale,-14.99,
04/01/2025,04/03/2025,DOGPATCH BOULDERS,Health & Wellness,Sale,-10.00,
03/28/2025,03/31/2025,PIZZA WAY,Food & Drink,Sale,-24.88,
03/30/2025,03/31/2025,PP*EB COSPLAY COMEDY,Entertainment,Sale,-50.04,
03/28/2025,03/31/2025,CLIPPER SYSTEMS MOBILE #1,Travel,Sale,-20.00,
03/28/2025,03/30/2025,Kindle Unltd*W43YL9AX3,Shopping,Sale,-11.99,
03/25/2025,03/28/2025,CLIPPER SYSTEMS MOBILE #1,Travel,Sale,-20.00,
03/25/2025,03/27/2025,TST*MIHARU ICE CREAM LLC,Food & Drink,Sale,-14.32,
03/23/2025,03/26/2025,PAYPAL *TARMACMANAG,Shopping,Sale,-34.90,
03/25/2025,03/26/2025,BART-PARKING MILLBRAE,Travel,Sale,-3.00,
03/23/2025,03/25/2025,TST*MILAGROS - REDWOOD C,Food & Drink,Sale,-131.50,
03/25/2025,03/25/2025,PAYPAL *POPEYES 10707,Food & Drink,Sale,-64.56,
03/25/2025,03/25/2025,AMAZON MKTPL*389OG5L93,Shopping,Sale,-67.73,
03/22/2025,03/24/2025,SHENG KEE BAKERY (SAN MAT,Food & Drink,Sale,-17.91,
03/23/2025,03/24/2025,TST*SUSHI PLUS,Food & Drink,Sale,-39.39,
03/22/2025,03/24/2025,SAN MATEO - PARKING,Bills & Utilities,Sale,-18.00,
03/22/2025,03/23/2025,INTERGEM SHOWS JEWELRY,Entertainment,Sale,-12.00,
03/21/2025,03/23/2025,Amazon.com*XC8J89IH3,Shopping,Sale,-41.55,
03/18/2025,03/20/2025,LUCKY #745 REDWOOD,Groceries,Sale,-16.17,
03/16/2025,03/18/2025,IMPARK00270137A,Travel,Sale,-12.00,
03/17/2025,03/18/2025,COSTCO WHSE #1042,Shopping,Sale,-26.25,
03/17/2025,03/18/2025,NATIONWIDE PET,Bills & Utilities,Sale,-13.34,
03/17/2025,03/18/2025,NATIONWIDE PET,Bills & Utilities,Sale,-37.88,
03/17/2025,03/18/2025,NATIONWIDE PET,Bills & Utilities,Sale,-32.47,
03/16/2025,03/18/2025,LUCKY #745 REDWOOD,Groceries,Sale,-7.49,
03/17/2025,03/18/2025,NATIONWIDE PET,Bills & Utilities,Sale,-9.41,
03/13/2025,03/14/2025,FASTRAK VIOLATION CENT,Travel,Sale,-32.75,
03/12/2025,03/13/2025,SANMATEO SUPERIORCOURT,Personal,Sale,-896.00,
03/12/2025,03/12/2025,Payment Thank You - Web,,Payment,2640.54,
03/10/2025,03/11/2025,AT&amp;T   *PAYMENT,Bills & Utilities,Sale,-55.25,
03/10/2025,03/11/2025,SNACK* SWEET MOMENT,Food & Drink,Sale,-15.92,
03/09/2025,03/11/2025,SHELL OIL 57444214506,Gas,Sale,-41.75,
03/09/2025,03/10/2025,SQ *WOODS LOWER HAIGHT,Food & Drink,Sale,-61.21,
03/09/2025,03/10/2025,CSC SERVICEWORK,Food & Drink,Sale,-2.50,
03/07/2025,03/09/2025,OPENAI *CHATGPT SUBSCR,Shopping,Sale,-20.00,
03/08/2025,03/09/2025,PAYPAL *AIMINDUSTRI,Professional Services,Sale,-500.00,
03/06/2025,03/07/2025,WWW COSTCO COM,Shopping,Sale,-89.62,
03/05/2025,03/06/2025,PETCO 0370,Shopping,Sale,-43.93,
03/04/2025,03/05/2025,THE UPS STORE 4133,Personal,Sale,-16.02,
03/05/2025,03/05/2025,AMAZON MKTPL*MW18Y9763,Shopping,Sale,-50.17,
03/03/2025,03/04/2025,PAYPAL *VECTEEZY  PRO,Professional Services,Sale,-14.00,
03/02/2025,03/03/2025,Amazon web services,Personal,Sale,-1.66,
03/02/2025,03/03/2025,BLIZZARD *US997248140,Entertainment,Sale,-14.99,
03/02/2025,03/03/2025,PAYPAL *ALIPAYUSINC,Shopping,Sale,-38.85,
03/02/2025,03/03/2025,PAYPAL *ALIPAYUSINC,Shopping,Sale,-14.40,
03/01/2025,03/03/2025,DOGPATCH BOULDERS,Health & Wellness,Sale,-10.00,
03/02/2025,03/03/2025,AMAZON MKTPL*CG10K0533,Shopping,Sale,-28.73,
03/02/2025,03/03/2025,7-ELEVEN 14319,Gas,Sale,-7.88,
02/28/2025,03/02/2025,AMAZON MKTPLACE PMTS,Shopping,Return,10.93,
02/28/2025,03/02/2025,AMAZON MKTPLACE PMTS,Shopping,Return,21.86,
02/27/2025,03/02/2025,CARBONIC SERVICE,Home,Sale,-30.56,
02/28/2025,03/02/2025,Kindle Unltd*RD6MW1R43,Shopping,Sale,-11.99,
02/28/2025,02/28/2025,AUTOMATIC PAYMENT - THANK,,Payment,156.99,
02/27/2025,02/28/2025,SQ *INFINITE AQUARIUM,Shopping,Sale,-66.57,
02/26/2025,02/27/2025,CRAIGSLIST.ORG,Shopping,Sale,-5.00,
02/26/2025,02/27/2025,PAYPAL *EBAY US,Shopping,Sale,-236.05,
02/19/2025,02/20/2025,AMAZON MKTPL*DR3PM4W83,Shopping,Sale,-66.79,
02/19/2025,02/20/2025,NAME-CHEAP.COM,Professional Services,Sale,-15.00,
02/20/2025,02/20/2025,AMAZON MKTPL*JP3L043U3,Shopping,Sale,-21.86,
02/18/2025,02/19/2025,Amazon Prime*7592D4143,Bills & Utilities,Sale,-152.03,
02/18/2025,02/19/2025,Amazon.com*111NZ3YQ3,Shopping,Sale,-15.44,
02/17/2025,02/18/2025,NATIONWIDE PET,Bills & Utilities,Sale,-32.47,
02/17/2025,02/18/2025,NATIONWIDE PET,Bills & Utilities,Sale,-13.34,
02/17/2025,02/18/2025,NATIONWIDE PET,Bills & Utilities,Sale,-9.41,
02/16/2025,02/18/2025,AKAMI SUSHI,Food & Drink,Sale,-220.72,
02/17/2025,02/18/2025,NATIONWIDE PET,Bills & Utilities,Sale,-37.88,
02/14/2025,02/16/2025,LUCKY #745 REDWOOD,Groceries,Sale,-99.78,
02/13/2025,02/14/2025,Amazon.com*QG9IK5OB3,Shopping,Sale,-11.07,
02/12/2025,02/13/2025,AMAZON MKTPL*5D5RX61G3,Shopping,Sale,-48.49,
02/11/2025,02/12/2025,SATURACAKES,Food & Drink,Sale,-64.50,
02/10/2025,02/11/2025,TST* TEASPOON - REDWOOD C,Food & Drink,Sale,-19.75,
02/10/2025,02/11/2025,FASTRAK VIOLATION CENT,Travel,Sale,-7.00,
02/08/2025,02/10/2025,THE ULTIMATE AQUARIUM INC,Shopping,Sale,-95.29,
02/09/2025,02/10/2025,BAO REDWOOD CITY,Food & Drink,Sale,-52.90,
02/09/2025,02/10/2025,AT&amp;T   *PAYMENT,Bills & Utilities,Sale,-55.25,
02/07/2025,02/09/2025,OPENAI *CHATGPT SUBSCR,Shopping,Sale,-20.00,
02/06/2025,02/07/2025,Amazon.com*Z77UC89Y0,Shopping,Sale,-196.86,
02/05/2025,02/06/2025,Amazon.com*Z72BW5N71,Shopping,Sale,-40.45,
02/03/2025,02/04/2025,AMZN Mktp US*Z75AN71R0,Shopping,Sale,-30.31,
02/02/2025,02/03/2025,Amazon web services,Personal,Sale,-1.66,
02/03/2025,02/03/2025,PAYPAL *VECTEEZY  PRO,Professional Services,Sale,-14.00,
02/01/2025,02/03/2025,DOGPATCH BOULDERS,Health & Wellness,Sale,-10.00,
02/01/2025,02/03/2025,LUCKY #745 REDWOOD,Groceries,Sale,-57.28,
02/01/2025,02/03/2025,THE ULTIMATE AQUARIUM INC,Shopping,Sale,-61.36,
02/01/2025,02/02/2025,BLIZZARD *US994366393,Entertainment,Sale,-14.99,
02/01/2025,02/02/2025,MARSHALLS #0755,Shopping,Sale,-79.94,
01/31/2025,02/02/2025,PETCO 0370,Shopping,Sale,-21.96,
01/30/2025,01/31/2025,Payment Thank You - Web,,Payment,3285.51,
01/31/2025,01/31/2025,AMAZON MKTPLACE PMTS,Shopping,Return,9.83,
01/30/2025,01/31/2025,AMAZON MKTPLACE PMTS,Shopping,Return,14.25,
01/31/2025,01/31/2025,AMAZON MKTPLACE PMTS,Shopping,Return,41.55,
01/31/2025,01/31/2025,AMAZON MKTPLACE PMTS,Shopping,Return,39.36,
01/30/2025,01/31/2025,AMAZON MKTPL*ZC21K8T31,Shopping,Sale,-21.86,
01/31/2025,01/31/2025,AMAZON MKTPLACE PMTS,Shopping,Return,25.12,
01/30/2025,01/31/2025,AMAZON MKTPL*Z73OP7D82,Shopping,Sale,-9.83,
01/31/2025,01/31/2025,AMAZON MKTPLACE PMTS,Shopping,Return,36.09,
01/29/2025,01/30/2025,AMAZON MKTPL*ZC4I77HT0,Shopping,Sale,-50.23,
01/28/2025,01/29/2025,Kindle Unltd*ZG4BM9U81,Shopping,Sale,-11.99,
01/28/2025,01/29/2025,AMAZON MKTPL*ZG0FQ1RU1,Shopping,Sale,-43.54,
01/25/2025,01/29/2025,TCB*MTA METER MTA MCK,Bills & Utilities,Sale,-2.84,
01/25/2025,01/28/2025,DOGPATCH BOULDERS,Health & Wellness,Sale,-30.00,
01/25/2025,01/28/2025,SIXTH AVE. AQUARIUM,Entertainment,Sale,-59.72,
01/27/2025,01/28/2025,AMAZON MKTPL*Z757U7Z72,Shopping,Sale,-25.50,
01/25/2025,01/28/2025,TST*SUSHI PLUS,Food & Drink,Sale,-56.92,
01/24/2025,01/26/2025,POPEYES 10707,Food & Drink,Sale,-22.19,
01/18/2025,01/20/2025,CHEUNG HING BELMONT SEAFO,Food & Drink,Sale,-150.51,
01/19/2025,01/20/2025,PetSmart,Shopping,Sale,-47.51,
01/17/2025,01/19/2025,NATIONWIDE PET,Bills & Utilities,Sale,-9.41,
01/17/2025,01/19/2025,NATIONWIDE PET,Bills & Utilities,Sale,-32.47,
01/19/2025,01/19/2025,WAL-MART #2280,Groceries,Sale,-60.50,
01/18/2025,01/19/2025,AMAZON MKTPL*Z579N3EY1,Shopping,Sale,-10.93,
01/18/2025,01/19/2025,AMAZON MKTPL*Z52C51T01,Shopping,Sale,-34.98,
01/18/2025,01/19/2025,Amazon.com*Z54EB9AB1,Shopping,Sale,-7.26,
01/17/2025,01/19/2025,NATIONWIDE PET,Bills & Utilities,Sale,-37.88,
01/17/2025,01/19/2025,NATIONWIDE PET,Bills & Utilities,Sale,-13.34,
01/16/2025,01/17/2025,THE UPS STORE 4133,Personal,Sale,-19.94,
01/15/2025,01/16/2025,AMAZON MKTPL*ZD95I77N1,Shopping,Sale,-75.62,
01/15/2025,01/16/2025,AMAZON MKTPL*Z55W51HP0,Shopping,Sale,-6.00,
01/15/2025,01/16/2025,AMAZON MKTPL*Z55U065S0,Shopping,Sale,-82.93,
01/14/2025,01/15/2025,AMAZON MKTPL*ZD85B86J1,Shopping,Sale,-10.93,
01/13/2025,01/14/2025,AMAZON MKTPLACE PMTS,Shopping,Return,655.16,
01/12/2025,01/13/2025,AMAZON MKTPL*Z51S182G2,Shopping,Sale,-25.14,
01/12/2025,01/13/2025,TST* ONIGILLY - STONESTOW,Food & Drink,Sale,-30.37,
01/12/2025,01/13/2025,AMAZON MKTPL*Z52Y75UJ2,Shopping,Sale,-9.40,
01/12/2025,01/13/2025,HIMS &amp; HERS HEALTH,Health & Wellness,Sale,-147.00,
01/11/2025,01/12/2025,UTC  #31006,Food & Drink,Sale,-19.50,
01/09/2025,01/10/2025,TST*MAZRA - RWC,Food & Drink,Sale,-195.47,
01/08/2025,01/09/2025,REDWOOD CITY PARKING,Travel,Sale,-1.00,
01/08/2025,01/09/2025,AMAZON MKTPL*ZD1P84TH2,Shopping,Sale,-336.41,
01/08/2025,01/09/2025,AT&amp;T   *PAYMENT,Bills & Utilities,Sale,-55.25,
01/07/2025,01/08/2025,OPENAI *CHATGPT SUBSCR,Shopping,Sale,-20.00,
01/05/2025,01/06/2025,AMAZON MKTPLACE PMTS,Shopping,Return,147.66,
01/05/2025,01/05/2025,OOZE LIFE,Shopping,Sale,-26.72,
01/03/2025,01/05/2025,O'REILLY 3474,Automotive,Sale,-96.64,
01/04/2025,01/05/2025,AMAZON MKTPL*ZD4133XH2,Shopping,Sale,-17.49,
01/04/2025,01/05/2025,Amazon.com*ZP91K7QI0,Shopping,Sale,-44.79,
01/02/2025,01/03/2025,Amazon web services,Personal,Sale,-1.66,
01/01/2025,01/03/2025,DOGPATCH BOULDERS,Health & Wellness,Sale,-10.00,
12/31/2024,01/02/2025,SHELL OIL 57444214506,Gas,Sale,-42.33,
12/31/2024,01/01/2025,AMAZON MKTPL*ZE86U5D21,Shopping,Sale,-21.86,
12/29/2024,12/30/2024,HUDSON ST 1504,Shopping,Sale,-6.60,
12/29/2024,12/30/2024,HUDSON ST 1504,Shopping,Sale,-4.94,
12/28/2024,12/29/2024,Amazon.com*ZE1PF3LB1,Shopping,Sale,-38.27,
12/27/2024,12/29/2024,AMAZON MKTPL*ZP95H9CW2,Shopping,Sale,-44.82,
12/28/2024,12/29/2024,Kindle Unltd*ZP5YV9JA2,Shopping,Sale,-11.99,
12/25/2024,12/26/2024,H MART SAN JOSE LLC,Groceries,Sale,-74.31,
12/25/2024,12/26/2024,ENCHANT CHRISTMAS SJO,Entertainment,Sale,-162.00,
12/25/2024,12/26/2024,SQ *ANTON,Food & Drink,Sale,-43.73,
12/24/2024,12/25/2024,BLIZZARD *US940614185,Entertainment,Sale,-1.00,
12/24/2024,12/25/2024,BLIZZARD *US940624459,Entertainment,Sale,-2.80,
12/23/2024,12/23/2024,BLIZZARD *US940425798,Entertainment,Sale,-62.99,
12/20/2024,12/22/2024,AMAZON MKTPL*Z94YF8RV2,Shopping,Sale,-37.05,
12/21/2024,12/22/2024,Amazon.com*Z91C43HU0,Shopping,Sale,-41.55,
12/21/2024,12/22/2024,AMAZON MKTPL*Z94TP4421,Shopping,Sale,-41.54,
12/19/2024,12/20/2024,AMAZON MKTPL*Z99JG08D2,Shopping,Sale,-219.38,
12/19/2024,12/20/2024,AMAZON MKTPL*Z99H71FG0,Shopping,Sale,-10.93,
12/17/2024,12/18/2024,NATIONWIDE PET,Bills & Utilities,Sale,-32.47,
12/17/2024,12/18/2024,NATIONWIDE PET,Bills & Utilities,Sale,-37.88,
12/17/2024,12/18/2024,NATIONWIDE PET,Bills & Utilities,Sale,-9.41,
12/17/2024,12/18/2024,AMAZON MKTPL*Z943I6LK2,Shopping,Sale,-19.02,
12/17/2024,12/18/2024,NATIONWIDE PET,Bills & Utilities,Sale,-13.34,
12/16/2024,12/17/2024,TST* DOUGH ZONE - SAN JOS,Food & Drink,Sale,-73.67,
12/16/2024,12/17/2024,THE UPS STORE 4133,Personal,Sale,-105.48,
12/15/2024,12/16/2024,SP STORY SPARK BRAND,Shopping,Sale,-113.75,
12/14/2024,12/15/2024,PAYPAL *COGNOSPHERE,Entertainment,Sale,-14.99,
12/12/2024,12/13/2024,AMAZON MKTPL*ZX2TD9RU2,Shopping,Sale,-178.64,
12/12/2024,12/13/2024,PAYPAL *COGNOSPHERE,Entertainment,Sale,-0.99,
12/12/2024,12/13/2024,PAYPAL *COGNOSPHERE,Entertainment,Sale,-4.99,
12/11/2024,12/12/2024,AMAZON MKTPL*ZX4HE9S42,Shopping,Sale,-24.74,
12/11/2024,12/12/2024,AMAZON MKTPL*ZR0WP42N1,Shopping,Sale,-57.02,
12/11/2024,12/12/2024,AMAZON MKTPL*ZR65Y6UJ1,Shopping,Sale,-59.86,
12/11/2024,12/12/2024,AMAZON MKTPL*ZX0J48SL2,Shopping,Sale,-66.09,
12/10/2024,12/11/2024,Amazon.com*ZX0EN1VV2,Shopping,Sale,-27.33,
12/10/2024,12/11/2024,AMAZON MKTPL*ZX3H09F00,Shopping,Sale,-39.37,
12/09/2024,12/10/2024,AMAZON MKTPL*ZR2UW8EU1,Shopping,Sale,-40.56,
12/10/2024,12/10/2024,Amazon.com*ZX90J80G2,Shopping,Sale,-33.66,
12/09/2024,12/10/2024,AMAZON MKTPL*ZX6QM7Z02,Shopping,Sale,-62.30,
12/08/2024,12/10/2024,3 HERMANOS MEXICAN GRILL,Food & Drink,Sale,-19.61,
12/08/2024,12/09/2024,AT&amp;T   *PAYMENT,Bills & Utilities,Sale,-55.25,
12/06/2024,12/08/2024,Payment Thank You - Web,,Payment,5115.92,
12/07/2024,12/08/2024,H MART SAN JOSE LLC,Groceries,Sale,-65.41,
12/07/2024,12/08/2024,SQ *INFINITE AQUARIUM,Shopping,Sale,-104.43,
12/07/2024,12/08/2024,OPENAI *CHATGPT SUBSCR,Shopping,Sale,-20.00,
12/02/2024,12/03/2024,STEAMGAMES.COM 4259522985,Entertainment,Sale,-17.98,
12/02/2024,12/03/2024,Amazon web services,Personal,Sale,-2.80,
12/01/2024,12/03/2024,DOGPATCH BOULDERS,Health & Wellness,Sale,-10.00,
12/01/2024,12/03/2024,SAN MATEO  PARKING,Bills & Utilities,Sale,-15.00,
12/02/2024,12/02/2024,BLIZZARD *US938380663,Entertainment,Sale,-14.99,
11/28/2024,11/29/2024,Kindle Unltd*Z33CR5VX2,Shopping,Sale,-11.99,
11/25/2024,11/28/2024,Statement Credit Adjustme,Fees & Adjustments,Adjustment,180.84,
11/27/2024,11/28/2024,AMAZON MKTPL*Z39UM8TB2,Shopping,Sale,-59.44,
11/26/2024,11/27/2024,AMAZON MKTPL*264BH8ZH3,Shopping,Sale,-67.36,
11/26/2024,11/27/2024,AMAZON MKTPL*ZW5XZ8TZ3,Shopping,Sale,-23.23,
11/26/2024,11/27/2024,AMAZON MKTPL*Z38H29ES0,Shopping,Sale,-161.81,
11/24/2024,11/25/2024,NORDSTROM RACK #401,Shopping,Sale,-48.73,
11/22/2024,11/24/2024,LUCKY #745 REDWOOD,Groceries,Sale,-36.05,
11/22/2024,11/24/2024,PAYPAL *TIKTOK SHOP,Shopping,Sale,-27.21,
11/22/2024,11/24/2024,TST*SUSHI PLUS,Food & Drink,Sale,-39.39,
11/22/2024,11/24/2024,AMAZON MKTPL*1H0WD33I3,Shopping,Sale,-76.22,
11/23/2024,11/24/2024,AMAZON MKTPL*XL09J1KU3,Shopping,Sale,-78.16,
11/17/2024,11/18/2024,AMAZON MKTPL*Y91548MU3,Shopping,Sale,-10.93,
11/16/2024,11/18/2024,CRYSTAL SPRINGS GOLF COUR,Food & Drink,Sale,-2.40,
11/16/2024,11/17/2024,AMAZON MKTPL*I25458TM3,Shopping,Sale,-65.61,
11/15/2024,11/17/2024,PAYPAL *UBER,Travel,Sale,-8.75,
11/14/2024,11/17/2024,THE HOME DEPOT #0628,Home,Sale,-75.06,
11/15/2024,11/17/2024,PAYPAL *UBER,Travel,Sale,-43.75,
11/13/2024,11/13/2024,PAYPAL *UBER,Travel,Sale,-4.42,
11/13/2024,11/13/2024,PAYPAL *UBER,Travel,Sale,-22.14,
11/11/2024,11/11/2024,AMZN Mktp US*F400L0TG3,Shopping,Sale,-655.16,
11/09/2024,11/10/2024,AT&amp;T   *PAYMENT,Bills & Utilities,Sale,-55.25,
11/09/2024,11/10/2024,T-MOBILE STORE # 7976,Shopping,Sale,-207.31,
11/09/2024,11/10/2024,PUTNAM KIA,Automotive,Sale,-3000.00,
11/07/2024,11/08/2024,OPENAI *CHATGPT SUBSCR,Shopping,Sale,-20.00,
11/06/2024,11/07/2024,AMAZON MKTPL*BW7B876J3,Shopping,Sale,-17.49,
11/06/2024,11/07/2024,AMAZON MKTPL*J80EB2LZ3,Shopping,Sale,-16.40,
11/06/2024,11/07/2024,PAYPAL *BOOMBA,Shopping,Sale,-54.14,
11/05/2024,11/06/2024,AMAZON MKTPLACE PMTS,Shopping,Return,5.90,
11/05/2024,11/06/2024,AMAZON MKTPLACE PMTS,Shopping,Return,21.76,
11/05/2024,11/06/2024,AMAZON MKTPLACE PMTS,Shopping,Return,16.40,
11/05/2024,11/06/2024,AMAZON MKTPLACE PMTS,Shopping,Return,12.02,
11/05/2024,11/06/2024,AMAZON MKTPLACE PMTS,Shopping,Return,19.52,
11/05/2024,11/06/2024,AMAZON MKTPLACE PMTS,Shopping,Return,9.83,
11/04/2024,11/05/2024,AMAZON MKTPL*EF7LD93B3,Shopping,Sale,-86.16,
11/05/2024,11/05/2024,AMAZON MKTPLACE PMTS,Shopping,Return,78.48,
11/04/2024,11/05/2024,AMAZON MKTPL*AN0BC1EK3,Shopping,Sale,-36.06,
11/03/2024,11/05/2024,PAYPAL *QIANHAIU6T8,Shopping,Sale,-55.89,
11/04/2024,11/05/2024,AMAZON MKTPL*PT4ZN8M43,Shopping,Sale,-36.09,
11/04/2024,11/04/2024,AMAZON MKTPL*6O8QW5HD3,Shopping,Sale,-26.65,
11/03/2024,11/03/2024,Payment Thank You - Web,,Payment,1518.22,
11/02/2024,11/03/2024,NATIONWIDE PET,Bills & Utilities,Sale,-22.67,
11/01/2024,11/03/2024,DOGPATCH BOULDERS,Entertainment,Sale,-10.00,
11/01/2024,11/03/2024,AMAZON MKTPL*T510A54W3,Shopping,Sale,-27.33,
11/02/2024,11/03/2024,NATIONWIDE PET,Bills & Utilities,Sale,-60.91,
11/02/2024,11/03/2024,76 - BAY AREA OIL SUPP,Gas,Sale,-49.18,
11/02/2024,11/03/2024,Amazon web services,Personal,Sale,-14.02,
11/02/2024,11/03/2024,NATIONWIDE PET,Bills & Utilities,Sale,-71.73,
11/02/2024,11/03/2024,NATIONWIDE PET,Bills & Utilities,Sale,-14.81,
11/01/2024,11/01/2024,Blizzard Entertainment  I,Entertainment,Sale,-14.99,
10/29/2024,10/30/2024,AMAZON MKTPL*PG4U168Y3,Shopping,Sale,-12.02,
10/28/2024,10/29/2024,Amazon.com*F881Z4A13,Shopping,Sale,-31.65,
10/28/2024,10/29/2024,Kindle Unltd*DA3SF23D3,Shopping,Sale,-11.99,
10/27/2024,10/29/2024,JACK IN THE BOX 0469,Food & Drink,Sale,-20.29,
10/27/2024,10/28/2024,SQ *CORNER YOGURT,Food & Drink,Sale,-20.79,
10/27/2024,10/28/2024,PETCO 0370,Shopping,Sale,-12.08,
10/25/2024,10/27/2024,AMAZON MKTPL*AN5FA6XQ3,Shopping,Sale,-72.04,
10/25/2024,10/27/2024,AMAZON MKTPL*TR7S909B3,Shopping,Sale,-78.48,
10/26/2024,10/27/2024,REDWOOD CITY PARKING,Travel,Sale,-0.75,
10/26/2024,10/27/2024,SQ *ZAREEN'S RESTAURANT &amp;,Food & Drink,Sale,-70.83,
10/24/2024,10/27/2024,ACE PARKING 4826,Travel,Sale,-2.50,
10/24/2024,10/25/2024,HAPPY LEMON - REDWOOD CI,Food & Drink,Sale,-22.00,
10/23/2024,10/24/2024,AMAZON MKTPL*ZN84Q1MX0,Shopping,Sale,-34.53,
10/21/2024,10/23/2024,PAYPAL *JIEDUOBEKU4,Shopping,Sale,-7.84,
10/20/2024,10/22/2024,ULTA #777,Shopping,Sale,-56.76,
10/19/2024,10/22/2024,TCB*MTA METER MTA MCK,Bills & Utilities,Sale,-0.75,
10/20/2024,10/21/2024,AMAZON MKTPL*3T2UP0IX3,Shopping,Sale,-57.33,
10/19/2024,10/21/2024,SQ *HIMALAYAN CUISINE SF,Food & Drink,Sale,-38.91,
10/18/2024,10/20/2024,Amazon.com*B70812Z13,Shopping,Sale,-31.16,
10/18/2024,10/20/2024,Amazon.com*S41A93BK3,Shopping,Sale,-6.69,
10/19/2024,10/20/2024,PRESIDIO-CALE PARK,Travel,Sale,-3.50,
10/19/2024,10/20/2024,SP SCHUBERTS BAKERY,Food & Drink,Sale,-59.75,
10/18/2024,10/20/2024,AMAZON MKTPL*O97GC8HF3,Shopping,Sale,-9.88,
10/18/2024,10/20/2024,AMAZON MKTPL*F99517RR3,Shopping,Sale,-18.15,
10/19/2024,10/20/2024,PetSmart,Shopping,Sale,-43.36,
10/18/2024,10/20/2024,Amazon.com*CL6UU5P33,Shopping,Sale,-17.19,
10/19/2024,10/20/2024,AMAZON MKTPL*OM39692W3,Shopping,Sale,-26.55,
10/15/2024,10/16/2024,WL *Steam Purchase,Entertainment,Sale,-10.00,
10/15/2024,10/16/2024,WL *Steam Purchase,Entertainment,Sale,-6.99,
10/14/2024,10/15/2024,HIMS &amp; HERS HEALTH,Health & Wellness,Sale,-147.00,
10/13/2024,10/14/2024,AMAZON MKTPL*9L3TG9CU3,Shopping,Sale,-28.45,
10/13/2024,10/14/2024,AMAZON MKTPL*B932L7WK3,Shopping,Sale,-28.19,
10/13/2024,10/14/2024,Amazon.com*K01FN6AM3,Shopping,Sale,-109.36,
10/12/2024,10/13/2024,PETSMART # 1691,Shopping,Sale,-39.45,
10/09/2024,10/10/2024,AMAZON MKTPL*I05QY55K3,Shopping,Sale,-76.49,
10/09/2024,10/10/2024,AT&amp;T   *PAYMENT,Bills & Utilities,Sale,-55.25,
10/09/2024,10/10/2024,AMAZON MKTPL*2E15J5BB3,Shopping,Sale,-116.22,
10/08/2024,10/09/2024,Payment Thank You - Web,,Payment,1780.61,
10/06/2024,10/09/2024,CREPEVINE,Food & Drink,Sale,-65.79,
10/06/2024,10/08/2024,MEGA MART SUNNYVALE,Groceries,Sale,-32.27,
10/07/2024,10/08/2024,OPENAI *CHATGPT SUBSCR,Shopping,Sale,-20.00,
10/02/2024,10/03/2024,AMAZON MKTPL*RZ6SD8OA3,Shopping,Sale,-41.52,
10/02/2024,10/03/2024,Amazon web services,Personal,Sale,-13.62,
10/03/2024,10/03/2024,STEAMGAMES.COM 4259522985,Entertainment,Sale,-5.00,
10/01/2024,10/02/2024,DOGPATCH BOULDERS,Entertainment,Sale,-10.00,
10/01/2024,10/01/2024,AUTOMATIC PAYMENT - THANK,,Payment,76.08,
09/28/2024,09/30/2024,YOGURTLAND CA253,Food & Drink,Sale,-29.09,
09/29/2024,09/30/2024,AMAZON MKTPL*NF67K7CR3,Shopping,Sale,-29.52,
09/28/2024,09/29/2024,Kindle Unltd*1Z0RW75E3,Shopping,Sale,-11.99,
09/26/2024,09/27/2024,AMAZON MKTPL*T91FH1UK3,Shopping,Sale,-38.06,
09/25/2024,09/26/2024,AMAZON MKTPL*3X7LI0563,Shopping,Sale,-27.33,
09/21/2024,09/22/2024,PETCO 0370,Shopping,Sale,-4.93,
09/20/2024,09/22/2024,HOMESTEAD LANES BOWLING,Entertainment,Sale,-118.25,
09/21/2024,09/22/2024,SQ *INFINITE AQUARIUM,Shopping,Sale,-65.48,
09/14/2024,09/15/2024,AMAZON MKTPL*KC7XZ5MW3,Shopping,Sale,-49.04,
09/14/2024,09/15/2024,O'REILLY 3474,Automotive,Sale,-245.89,
09/11/2024,09/13/2024,SAGE VET REDWOOD CITY,Personal,Sale,-484.26,
09/11/2024,09/13/2024,LUCKY #745 REDWOOD,Groceries,Sale,-22.79,
09/12/2024,09/12/2024,AMAZON MKTPL*Z86PJ9N51,Shopping,Sale,-156.67,
09/10/2024,09/11/2024,AT&amp;T   *PAYMENT,Bills & Utilities,Sale,-55.25,
09/07/2024,09/09/2024,THE HOME DEPOT #0632,Home,Sale,-26.07,
09/07/2024,09/09/2024,SIXTH AVE. AQUARIUM,Entertainment,Sale,-45.58,
09/07/2024,09/09/2024,ANDERSEN BAKERY #03,Food & Drink,Sale,-4.35,
09/08/2024,09/08/2024,PAYPAL *EBAY US,Shopping,Sale,-16.72,
09/06/2024,09/08/2024,Amazon.com*ZT4UF4MV0,Shopping,Sale,-2.72,
09/07/2024,09/08/2024,SOKO HARDWARE CO,Home,Sale,-35.77,
09/06/2024,09/08/2024,AMAZON MKTPLACE PMTS,Shopping,Return,28.86,
09/06/2024,09/08/2024,Amazon.com,Shopping,Return,30.62,
09/06/2024,09/08/2024,HASSETT ACE HARDWARE R,Home,Sale,-21.96,
09/06/2024,09/06/2024,COSTCO BY INSTACART,Groceries,Sale,-10.00,
09/06/2024,09/06/2024,COSTCO BY INSTACART,Groceries,Sale,-208.75,
09/03/2024,09/04/2024,1PASSWORD,Shopping,Sale,-59.85,
09/03/2024,09/03/2024,SNACK* SWEET MOMENT,Food & Drink,Sale,-28.25,
09/02/2024,09/03/2024,Amazon web services,Personal,Sale,-14.02,
09/02/2024,09/02/2024,Payment Thank You - Web,,Payment,629.16,
09/01/2024,09/02/2024,AMAZON MKTPL*RK5IB1QR0,Shopping,Sale,-23.44,
09/01/2024,09/02/2024,DOGPATCH BOULDERS,Entertainment,Sale,-10.00,
09/01/2024,09/01/2024,Amazon.com*RK5TJ6881,Shopping,Sale,-154.23,
08/30/2024,08/30/2024,REDEMPTION CREDIT,Fees & Adjustments,Adjustment,260.33,
08/29/2024,08/30/2024,AMAZON MKTPLACE PMTS,Shopping,Return,49.21,
08/28/2024,08/29/2024,Kindle Unltd*RK5UV4F31,Shopping,Sale,-11.99,
08/28/2024,08/29/2024,Samsung,Shopping,Sale,-174.67,
08/24/2024,08/26/2024,FIVE BELOW 1436,Shopping,Sale,-19.96,
08/23/2024,08/25/2024,LUCKY #745 REDWOOD,Groceries,Sale,-41.85,
08/24/2024,08/25/2024,AMAZON MKTPL*R46RZ2GT1,Shopping,Sale,-43.25,
08/21/2024,08/22/2024,HASSETT ACE HARDWARE R,Home,Sale,-28.56,
08/21/2024,08/22/2024,Amazon.com*R40VB5FI1,Shopping,Sale,-31.95,
08/21/2024,08/22/2024,FASTRAK CSC,Travel,Sale,-7.00,
08/21/2024,08/22/2024,AMAZON MKTPL*RU9Y91YV0,Shopping,Sale,-18.15,
08/21/2024,08/22/2024,Amazon.com*R49A48FO1,Shopping,Sale,-7.14,
08/21/2024,08/22/2024,AMAZON MKTPL*R45FV4532,Shopping,Sale,-7.64,
08/20/2024,08/21/2024,PAYPAL *GOULETPENCO,Shopping,Sale,-24.37,
08/21/2024,08/21/2024,BLIZZARD *US732445146,Entertainment,Sale,-14.99,
08/19/2024,08/20/2024,HASSETT ACE HARDWARE R,Home,Sale,-19.77,
08/18/2024,08/19/2024,Amazon.com*RU2475VD0,Shopping,Sale,-41.55,
08/16/2024,08/19/2024,7LEAVES_27,Food & Drink,Sale,-38.53,
08/16/2024,08/18/2024,ROUND1 AM - SLM CA HAYWAR,Entertainment,Sale,-110.00,
08/17/2024,08/18/2024,STEAMGAMES.COM 4259522985,Entertainment,Sale,-16.00,
08/11/2024,08/12/2024,AMAZON MKTPL*RM34J5QU2,Shopping,Sale,-28.86,
08/11/2024,08/12/2024,AMAZON MKTPL*RM98T0V60,Shopping,Sale,-24.05,
08/08/2024,08/09/2024,AT&amp;T   *PAYMENT,Bills & Utilities,Sale,-55.25,
08/03/2024,08/05/2024,YETI SAN JOSE  RETAIL,Shopping,Sale,-10.94,
08/03/2024,08/04/2024,Payment Thank You - Web,,Payment,2127.92,
08/02/2024,08/04/2024,60775 - SFO PARKING IT-G,Travel,Sale,-8.00,
08/01/2024,08/02/2024,DOGPATCH BOULDERS,Entertainment,Sale,-10.00,
08/01/2024,08/02/2024,BASKIN #360136,Food & Drink,Sale,-11.37,
08/01/2024,08/01/2024,AUTOMATIC PAYMENT - THANK,,Payment,29.75,
07/31/2024,08/01/2024,Amazon.com*RF7S09LV2,Shopping,Sale,-28.93,
07/30/2024,07/31/2024,TST* SIZZLING LUNCH - FOS,Food & Drink,Sale,-102.84,
07/29/2024,07/30/2024,AMAZON MKTPL*RV6X885E0,Shopping,Sale,-27.33,
07/28/2024,07/29/2024,Kindle Unltd*RV6218NX1,Shopping,Sale,-11.99,
07/28/2024,07/29/2024,AMAZON MKTPL*RV2WX0GR0,Shopping,Sale,-741.01,
07/28/2024,07/29/2024,DTK NAILS SUPPLY,Shopping,Sale,-69.78,
07/27/2024,07/28/2024,Amazon.com*RV7LP9401,Shopping,Sale,-22.96,
07/27/2024,07/28/2024,SQ *MOCHI-YA REN,Groceries,Sale,-12.63,
07/27/2024,07/28/2024,NORDSTROM-RACK #0432,Shopping,Sale,-5.67,
07/24/2024,07/26/2024,7-ELEVEN 14311,Gas,Sale,-3.49,
07/23/2024,07/24/2024,OPENAI *CHATGPT SUBSCR,Shopping,Sale,-20.00,
07/24/2024,07/24/2024,STEAMGAMES.COM 4259522985,Entertainment,Sale,-24.99,
07/19/2024,07/21/2024,AMAZON MKTPL*RS7YA0992,Shopping,Sale,-51.98,
07/19/2024,07/21/2024,AMAZON MKTPL*RS20X39T1,Shopping,Sale,-21.86,
07/19/2024,07/21/2024,AMAZON MKTPL*RS7Y589O2,Shopping,Sale,-44.14,
07/19/2024,07/21/2024,LUCKY #745 REDWOOD,Groceries,Sale,-79.84,
07/21/2024,07/21/2024,BLIZZARD *US729258946,Entertainment,Sale,-14.99,
07/19/2024,07/21/2024,PetSmart,Shopping,Sale,-23.77,
07/20/2024,07/21/2024,WAL-MART #2280,Groceries,Sale,-98.87,
07/20/2024,07/21/2024,Kindle Svcs*RS9S51RD1,Shopping,Sale,-9.98,
07/20/2024,07/21/2024,PetSmart,Shopping,Sale,-23.75,
07/19/2024,07/21/2024,Kindle Svcs*RS8XG12V1,Shopping,Sale,-4.99,
07/17/2024,07/19/2024,PAYPAL *CGTRADER,Entertainment,Sale,-3.00,
07/18/2024,07/18/2024,Kindle Svcs*RS9EI9KJ0,Shopping,Sale,-4.99,
07/17/2024,07/18/2024,AMAZON MKTPL*RS7YG71R2,Shopping,Sale,-47.29,
07/16/2024,07/17/2024,AMAZON MKTPL*RS6XJ7FY2,Shopping,Sale,-75.66,
07/15/2024,07/16/2024,Kindle Svcs*RS1JU00N0,Shopping,Sale,-0.99,
07/14/2024,07/15/2024,JACK IN THE BOX 0469,Food & Drink,Sale,-60.59,
07/13/2024,07/14/2024,AMAZON MKTPL*RY0HT9642,Shopping,Sale,-25.30,
07/13/2024,07/14/2024,HIMS &amp; HERS HEALTH,Health & Wellness,Sale,-175.00,
07/12/2024,07/14/2024,Amazon.com*RY1IP85L2,Shopping,Sale,-13.64,
07/11/2024,07/12/2024,TST* TEASPOON - REDWOOD C,Food & Drink,Sale,-23.40,
07/10/2024,07/12/2024,METAPAY -WYATT LEM,Shopping,Sale,-80.30,
07/10/2024,07/11/2024,Amazon.com*RY9QN2NO1,Shopping,Sale,-10.53,
07/10/2024,07/11/2024,AT&amp;T   *PAYMENT,Bills & Utilities,Sale,-55.25,
07/09/2024,07/09/2024,AMAZON MKTPL*RY2LU2C72,Shopping,Sale,-15.85,
07/06/2024,07/08/2024,SAFEWAY #1711,Groceries,Sale,-10.84,
07/03/2024,07/05/2024,LUCKY #745 REDWOOD,Groceries,Sale,-41.78,
07/04/2024,07/05/2024,AMAZON MKTPL*R77T35EF2,Shopping,Sale,-16.35,
07/03/2024,07/04/2024,PAYPAL *ALCHEMYART,Shopping,Sale,-19.75,
07/01/2024,07/02/2024,DOGPATCH BOULDERS,Entertainment,Sale,-10.00,
07/01/2024,07/01/2024,Payment Thank You - Web,,Payment,1865.60,
06/28/2024,06/30/2024,Kindle Unltd*RC5EP39L0,Shopping,Sale,-11.99,
06/28/2024,06/30/2024,AMAZON MKTPL*RC03051A2,Shopping,Sale,-22.95,
06/28/2024,06/30/2024,Amazon.com*RC8YR51P1,Shopping,Sale,-10.92,
06/27/2024,06/28/2024,TRANS AUTO REPAIR,Automotive,Sale,-75.00,
06/27/2024,06/28/2024,AMAZON MKTPL*RC8NT5AR2,Shopping,Sale,-27.33,
06/27/2024,06/28/2024,AMAZON MKTPL*RC6VP03N2,Shopping,Sale,-10.38,
06/26/2024,06/27/2024,O'REILLY 2913,Automotive,Sale,-244.07,
06/26/2024,06/27/2024,Amazon.com,Shopping,Return,35.91,
06/26/2024,06/27/2024,AMAZON MKTPLACE PMTS,Shopping,Return,65.52,
06/26/2024,06/27/2024,AMAZON MKTPLACE PMTS,Shopping,Return,12.15,
06/26/2024,06/27/2024,AMAZON MKTPLACE PMTS,Shopping,Return,18.76,
06/24/2024,06/25/2024,AMAZON MKTPL*RG27376T2,Shopping,Sale,-10.93,
06/24/2024,06/25/2024,AMAZON MKTPL*RG6839652,Shopping,Sale,-61.59,
06/24/2024,06/25/2024,AMAZON MKTPL*RC2HB8NV0,Shopping,Sale,-10.93,
06/24/2024,06/25/2024,PAYPAL *ETSY INC,Shopping,Sale,-12.89,
06/23/2024,06/25/2024,LUCKY #745 REDWOOD,Groceries,Sale,-82.37,
06/23/2024,06/24/2024,OPENAI *CHATGPT SUBSCR,Shopping,Sale,-20.00,
06/22/2024,06/23/2024,SQ *CAFE 5,Food & Drink,Sale,-73.96,
06/22/2024,06/23/2024,TST* TEASPOON - REDWOOD C,Food & Drink,Sale,-28.46,
06/21/2024,06/23/2024,AMAZON MKTPL*B853J9AA3,Shopping,Sale,-23.74,
06/21/2024,06/23/2024,THE HOME DEPOT 632,Home,Sale,-50.00,
06/21/2024,06/23/2024,Amazon.com*8Y3BS0DD3,Shopping,Sale,-17.49,
06/21/2024,06/23/2024,AMAZON MKTPL*RG83Y0KI0,Shopping,Sale,-19.02,
06/21/2024,06/23/2024,THE HOME DEPOT 632,Home,Sale,-19.71,
06/21/2024,06/23/2024,Amazon.com*GH7ZT0DQ3,Shopping,Sale,-18.16,
06/21/2024,06/23/2024,THE HOME DEPOT #0632,Home,Return,1.40,
06/21/2024,06/21/2024,BLIZZARD *US726352403,Entertainment,Sale,-14.99,
06/19/2024,06/21/2024,PAYPAL *FIRMOOOMWNG,Health & Wellness,Sale,-15.00,
06/19/2024,06/21/2024,SWEETGREEN PALO ALTO,Food & Drink,Sale,-17.10,
06/20/2024,06/21/2024,STEPHEN SILVER FINE JEW2,Shopping,Sale,-260.00,
06/18/2024,06/20/2024,CARBONIC SERVICE,Home,Sale,-30.56,
06/18/2024,06/19/2024,CHIPOTLE 2151,Food & Drink,Sale,-14.05,
06/16/2024,06/17/2024,AMAZON MKTPL*RI73S7S23,Shopping,Sale,-12.15,
06/16/2024,06/17/2024,COSTCO BY INSTACART,Groceries,Sale,-147.99,
06/12/2024,06/13/2024,Amazon.com*N23TT61E3,Shopping,Sale,-16.96,
06/11/2024,06/12/2024,Amazon.com*XY8QE7II3,Shopping,Sale,-8.88,
06/11/2024,06/12/2024,AMZN Mktp US*FG9221UV3,Shopping,Sale,-12.79,
06/11/2024,06/11/2024,HARBOR FREIGHT TOOLS,Home,Sale,-94.48,
06/08/2024,06/10/2024,THE HOME DEPOT 628,Home,Sale,-25.66,
06/09/2024,06/10/2024,AT&amp;T   *PAYMENT,Bills & Utilities,Sale,-55.25,
06/09/2024,06/10/2024,CURIOSITYSTREAM,Bills & Utilities,Sale,-39.99,
06/08/2024,06/09/2024,WAL-MART #2280,Shopping,Sale,-13.05,
06/08/2024,06/09/2024,AMZN Mktp US*5Z7VL03Q3,Shopping,Sale,-81.00,
06/08/2024,06/09/2024,SQ *INFINITE AQUARIUM,Shopping,Sale,-10.91,
06/08/2024,06/09/2024,Amazon.com*IE1978QO3,Shopping,Sale,-15.30,
06/07/2024,06/07/2024,STEAMGAMES.COM 4259522985,Entertainment,Sale,-24.99,
06/04/2024,06/06/2024,PAYPAL *COGNOSPHERE,Entertainment,Sale,-29.99,
06/05/2024,06/06/2024,AMZN Mktp US,Shopping,Return,32.76,
06/02/2024,06/04/2024,LUCKY #745 REDWOOD,Groceries,Sale,-108.51,
05/31/2024,06/02/2024,PAYPAL *COGNOSPHERE,Entertainment,Sale,-9.99,
06/01/2024,06/02/2024,DOGPATCH BOULDERS,Entertainment,Sale,-10.00,
06/02/2024,06/02/2024,PNW WONDERLAND,Shopping,Sale,-10.99,
06/01/2024,06/02/2024,DOGPATCH BOULDERS,Entertainment,Sale,-4.00,
05/31/2024,06/02/2024,PAYPAL *COGNOSPHERE,Entertainment,Sale,-4.99,
05/31/2024,06/02/2024,PAYPAL *COGNOSPHERE,Entertainment,Sale,-14.99,
05/31/2024,06/02/2024,AMZN Mktp US*437BE52U3,Shopping,Sale,-95.02,
05/30/2024,05/31/2024,Amazon.com,Shopping,Return,18.04,
05/30/2024,05/31/2024,AMZN Mktp US,Shopping,Return,10.93,
05/30/2024,05/31/2024,AMZN Mktp US,Shopping,Return,17.49,
05/30/2024,05/31/2024,AMZN Mktp US,Shopping,Return,6.00,
05/30/2024,05/31/2024,AMZN Mktp US,Shopping,Return,21.86,
05/30/2024,05/30/2024,Payment Thank You - Web,,Payment,1768.10,
05/29/2024,05/30/2024,PAYPAL *GENS ACE,Shopping,Sale,-54.95,
05/28/2024,05/29/2024,AMAZON PRIME*EE3017YG3,Shopping,Sale,-11.99,
05/28/2024,05/29/2024,AMZN Mktp US*F978J8SV3,Shopping,Sale,-33.38,
05/28/2024,05/29/2024,AMZN Mktp US,Shopping,Return,16.52,
05/29/2024,05/29/2024,CA ACAD. OF SCIENCES W,Gifts & Donations,Sale,-239.70,
05/28/2024,05/29/2024,AMZN Mktp US*PS1NJ4F93,Shopping,Sale,-42.13,
05/23/2024,05/24/2024,OPENAI *CHATGPT SUBSCR,Shopping,Sale,-20.00,
05/23/2024,05/24/2024,PAYPAL *GETFPV.COM,Shopping,Sale,-32.22,
05/22/2024,05/23/2024,Amazon.com*9N9YL7F23,Shopping,Sale,-32.15,
05/22/2024,05/23/2024,SFMTA CIT PYMNT WEB,Bills & Utilities,Sale,-92.00,
05/22/2024,05/23/2024,PAYPAL *TIKTOK SHOP TIKTO,Shopping,Sale,-32.97,
05/21/2024,05/22/2024,AMZN Mktp US*D15QE11L3,Shopping,Sale,-10.93,
05/21/2024,05/22/2024,Amazon.com*EL2DE0MS3,Shopping,Sale,-14.19,
05/21/2024,05/22/2024,AMZN Mktp US*PI2D57823,Shopping,Sale,-30.61,
05/20/2024,05/21/2024,AMZN Mktp US*V56B31CV3,Shopping,Sale,-28.42,
05/19/2024,05/21/2024,JACK IN THE BOX 0438,Food & Drink,Sale,-13.16,
05/21/2024,05/21/2024,BLIZZARD *US723110400,Entertainment,Sale,-14.99,
05/20/2024,05/21/2024,Amazon.com*GB5M53WL3,Shopping,Sale,-6.22,
05/20/2024,05/21/2024,Amazon.com*FF60X2D13,Shopping,Sale,-24.46,
05/19/2024,05/20/2024,POPEYES 10707,Food & Drink,Sale,-99.28,
05/18/2024,05/20/2024,HMB LAVENDER,Shopping,Sale,-11.17,
05/16/2024,05/17/2024,PAYPAL *REDBUBBLE PURCHAS,Shopping,Sale,-15.40,
05/16/2024,05/17/2024,HIMS &amp; HERS HEALTH,Health & Wellness,Sale,-147.00,
05/15/2024,05/16/2024,PAYPAL *EBAY US,Shopping,Sale,-34.95,
05/14/2024,05/16/2024,SFSU BOOKSTORE #1304,Shopping,Sale,-64.09,
05/15/2024,05/16/2024,PAYPAL *OHSNAP INC,Shopping,Sale,-50.19,
05/12/2024,05/14/2024,SIXTH AVE. AQUARIUM,Entertainment,Sale,-7.32,
05/13/2024,05/14/2024,PP*INSTACART COSTCO,Groceries,Sale,-146.44,
05/14/2024,05/14/2024,PAYPAL *EBAY US,Shopping,Return,34.95,
05/13/2024,05/14/2024,PAYPAL *REDBUBBLE PURCHAS,Shopping,Sale,-15.40,
05/13/2024,05/14/2024,PP*INSTACART COSTCO,Groceries,Sale,-15.00,
05/11/2024,05/13/2024,TST* ANGELICAS ENTERTAINM,Food & Drink,Sale,-244.26,
05/12/2024,05/13/2024,AMZN Mktp US,Shopping,Return,17.45,
05/11/2024,05/12/2024,AMZN Mktp US,Shopping,Return,17.45,
05/11/2024,05/12/2024,AMZN Mktp US*ZG7O37O83,Shopping,Sale,-10.93,
05/10/2024,05/12/2024,AMZN Mktp US*CU3C68MT3,Shopping,Sale,-21.86,
05/10/2024,05/12/2024,AMZN Mktp US*FV1CF0S23,Shopping,Sale,-54.66,
05/09/2024,05/10/2024,AT&amp;T   *PAYMENT,Bills & Utilities,Sale,-55.25,
05/08/2024,05/09/2024,AMZN Mktp US*K48H16663,Shopping,Sale,-23.06,
05/08/2024,05/09/2024,AMZN Mktp US*7V8D05AC3,Shopping,Sale,-16.40,
05/06/2024,05/07/2024,AMZN Mktp US*AL5PH1U43,Shopping,Sale,-27.86,
05/06/2024,05/07/2024,AMZN Mktp US*TB3JG7EJ3,Shopping,Sale,-32.76,
05/06/2024,05/07/2024,Amazon.com*DA8HY0VZ3,Shopping,Sale,-22.96,
05/06/2024,05/07/2024,PAYPAL *COGNOSPHERE,Entertainment,Sale,-0.99,
05/05/2024,05/06/2024,POPEYES 10707,Food & Drink,Sale,-49.02,
05/05/2024,05/06/2024,FASTRAK CSC,Travel,Sale,-0.50,
05/04/2024,05/05/2024,Amazon.com*UW4V315P3,Shopping,Sale,-43.95,
05/04/2024,05/05/2024,AMZN Mktp US,Shopping,Return,21.86,
05/04/2024,05/05/2024,AMZN Mktp US,Shopping,Return,16.72,
05/03/2024,05/05/2024,PETCO 0370,Shopping,Sale,-8.78,
05/05/2024,05/05/2024,AMZN Mktp US*VX40F5RH3,Shopping,Sale,-16.52,
05/04/2024,05/05/2024,AMZN Mktp US,Shopping,Return,17.45,
05/04/2024,05/05/2024,AMZN Mktp US,Shopping,Return,17.49,
05/03/2024,05/05/2024,SMART AND FINAL 410,Groceries,Sale,-12.47,
05/04/2024,05/05/2024,Payment Thank You - Web,,Payment,1917.02,
05/01/2024,05/03/2024,LUCKY #745 REDWOOD,Groceries,Sale,-19.27,
05/01/2024,05/02/2024,PAYPAL *EBAY US,Shopping,Sale,-34.95,
05/01/2024,05/02/2024,DOGPATCH BOULDERS,Entertainment,Sale,-99.00,
05/01/2024,05/02/2024,PAYPAL *EBAY US,Shopping,Sale,-49.21,
05/01/2024,05/02/2024,AMZN Mktp US*RI6TE3CK3,Shopping,Sale,-30.79,
04/30/2024,05/01/2024,AMZN Mktp US*PC6QT5KK3,Shopping,Sale,-13.17,
05/01/2024,05/01/2024,DOGPATCH BOULDERS,Entertainment,Sale,-4.00,
04/29/2024,04/30/2024,AMZN Mktp US*A10ZC3JJ3,Shopping,Sale,-22.96,
04/27/2024,04/29/2024,THE HOME DEPOT 628,Home,Sale,-56.75,
04/28/2024,04/29/2024,AMZN Mktp US*RI1L10SM3,Shopping,Sale,-98.42,
04/28/2024,04/29/2024,AMZN Mktp US*217UI2M53,Shopping,Sale,-17.49,
04/27/2024,04/28/2024,AMZN Mktp US,Shopping,Return,41.54,
04/26/2024,04/28/2024,AMZN Mktp US*4K6JW3CV3,Shopping,Sale,-85.19,
04/27/2024,04/28/2024,AMZN Mktp US*E49Q43K73,Shopping,Sale,-21.86,
04/27/2024,04/28/2024,AMZN Mktp US,Shopping,Return,20.67,
04/27/2024,04/28/2024,AMZN Mktp US,Shopping,Return,18.58,
04/27/2024,04/28/2024,AMZN Mktp US,Shopping,Return,10.82,
04/23/2024,04/24/2024,AMZN Mktp US*DJ1ZE4V23,Shopping,Sale,-38.28,
04/22/2024,04/23/2024,AMZN Mktp US*UH4MW6Z33,Shopping,Sale,-24.04,
04/21/2024,04/22/2024,AMZN Mktp US*287OS12F3,Shopping,Sale,-33.23,
04/21/2024,04/22/2024,AMZN Mktp US*R33C24F23,Shopping,Sale,-26.79,
04/19/2024,04/21/2024,PetSmart,Shopping,Sale,-47.51,
04/20/2024,04/21/2024,Amazon.com*GO8F549N3,Shopping,Sale,-41.55,
04/21/2024,04/21/2024,BLIZZARD *US719781102,Entertainment,Sale,-14.99,
04/19/2024,04/21/2024,WHOLEFDS SMT 10150,Groceries,Sale,-10.80,
04/18/2024,04/18/2024,COSTCO BY INSTACART,Groceries,Sale,-474.44,
04/17/2024,04/18/2024,AMZN Mktp US*BQ0CX7IW3,Shopping,Sale,-17.49,
04/17/2024,04/18/2024,Amazon.com*RQ8LO8BJ3,Shopping,Sale,-11.36,
04/17/2024,04/18/2024,RING YEARLY PLAN,Shopping,Sale,-99.98,
04/17/2024,04/18/2024,AMZN Mktp US*CJ8262AF3,Shopping,Sale,-34.17,
04/16/2024,04/17/2024,AIR CANADA ON BOARD CA,Food & Drink,Sale,-15.90,
04/16/2024,04/17/2024,AMZN Mktp US*ZU8149Y33,Shopping,Sale,-27.00,
04/16/2024,04/17/2024,AMZN Mktp US*IA6KT3SQ3,Shopping,Sale,-82.55,
04/16/2024,04/17/2024,PAYPAL *EBAY US,Shopping,Return,7.18,
04/15/2024,04/16/2024,AMZN Mktp US*0Q0RL2WD3,Shopping,Sale,-75.63,
04/14/2024,04/15/2024,AMZN Mktp US*Y78V92UB3,Shopping,Sale,-16.40,
04/14/2024,04/15/2024,AMZN Mktp US*JK06C4R83,Shopping,Sale,-97.11,
04/15/2024,04/15/2024,AMZN Mktp US*ZJ7GW3MP3,Shopping,Sale,-9.83,
04/14/2024,04/15/2024,JACK IN THE BOX 0469,Food & Drink,Sale,-9.76,
04/13/2024,04/14/2024,HAPPY LEMON - REDWOOD C,Food & Drink,Sale,-14.45,
04/12/2024,04/14/2024,LAZ PARKING M18387-WC,Travel,Sale,-2.00,
04/12/2024,04/14/2024,AMZN Mktp US*JM5UN8AK3,Shopping,Sale,-37.17,
04/13/2024,04/14/2024,Payment Thank You - Web,,Payment,1969.00,
04/12/2024,04/14/2024,SQ *MOCHILL MOCHI DONUT V,Food & Drink,Sale,-14.49,
04/13/2024,04/14/2024,Etsy.com - oldetownsmith,Shopping,Sale,-104.38,
04/13/2024,04/14/2024,AMZN Mktp US*AJ7UG2IF3,Shopping,Sale,-34.90,
04/12/2024,04/14/2024,AMZN Mktp US*QD56N9IR3,Shopping,Sale,-6.55,
04/13/2024,04/14/2024,PAYPAL *EBAY US,Shopping,Sale,-39.38,
04/13/2024,04/14/2024,BCF Etsy Uplift,Gifts & Donations,Sale,-0.62,
04/11/2024,04/12/2024,AMZN Mktp US*Q46MA5293,Shopping,Sale,-20.67,
04/12/2024,04/12/2024,AMZN Mktp US*776GS5JC3,Shopping,Sale,-19.02,
04/12/2024,04/12/2024,Samsung,Shopping,Sale,-100.97,
04/09/2024,04/11/2024,ABM SKYVIEW CENTER 4808,Travel,Sale,-72.00,
04/08/2024,04/10/2024,TABLE ROCK COMPLEX - RETA,Shopping,Sale,-4.16,
04/09/2024,04/10/2024,1814-TOR RELAY TERM 1 ,Shopping,Sale,-2.94,
04/09/2024,04/10/2024,ENTERPRISE CANADA C2PA,Travel,Sale,-245.12,
04/08/2024,04/10/2024,TABLE ROCK HOUSE RESTAURA,Food & Drink,Sale,-114.22,
04/09/2024,04/10/2024,CHEVRON 0092060,Gas,Sale,-6.07,
